Customer Name,Customer Type,Customer Age,Region,County,City,Branch,Sales Rep,Lead Source,Car Make,Car Model,Vehicle Type,Vehicle Year,Fuel Type,Transmission,Color,Discount,Payment Method,Payment Status,Delivery Status,Customer Rating,Review Count,Returned,Order Date,Unit Cost,Unit Selling Price,Delivery Fee,Logistics Cost,Delivery Date,Revenue Recorded,Order ID,Unit Sold,Expected Revenue
Naomi Muthoni,Individual,46,Rift-Valley,Nakuru,Nakuru,Nakuru,Daniel Kimani,Facebook,Mitsubishi,OUTLANDER,Suv,2018,Petrol,Automatic,Unknown,0.1,Cash,Paid,Delayed,4.4,36,Yes,26-Mar-25,"Ksh2,562,000.00","Ksh3,326,000.00","Ksh51,000.00","Ksh82,000.00",04-Jun-25,"Ksh3,044,400.",1003,1,3044400
Samuel Mutua,Individual,64,Nairobi,Nairobi,Nairobi,Nairobi - Main,Grace Njeri,Whatsapp,Mitsubishi,PAJERO,Suv,2023,Hybrid,Automatic,Blue,0.02,Cash,Paid,Delivered,4.4,42,No,17-Mar-26,"Ksh4,203,000.00","Ksh4,783,000.00","Ksh75,000.00",,20-Mar-26,"Ksh4,762,340.",1005,1,4762340
Mercy Wanjiku,Corporate,45,Rift-Valley,Uasin Gishu,Eldoret,Eldoret,Kevin Mwangi,Corporate Tender,Honda,VEZEL,Crossover,null,Hybrid,Automatic,Black,0.07,Mpesa,Paid,Cancelled,,1,No,09-Apr-25,"Ksh2,588,000.00","Ksh2,920,000.00","Ksh140,000.00","Ksh188,000.00",30-Apr-25,,1010,1,2855600
Daniel Wafula,Corporate,38,Western,Kakamega,Kakamega,Kakamega,Samuel Mutua,Corporate Tender,Bmw,320I,Sedan,2026,Diesel,Automatic,Silver,0.07,Asset Finance,Paid,Delivered,3.6,,Yes,13-Apr-26,"Ksh3,297,000.00","Ksh3,942,000.00","Ksh29,000.00","Ksh75,000.00",01-May-26,"Ksh3,188,836.3485",1011,1,3695060
James Kariuki,Ngo,68,Nyanza,Kisumu,Kisumu,Kisumu,Grace Njeri,Walk In,Honda,VEZEL,Crossover,2024,Petrol,Automatic,White,,Bank Transfer,Paid,Delivered,3.8,6,Yes,,"Ksh2,428,000.00","Ksh2,745,000.00",,"Ksh142,000.00",29-Nov-25,"Ksh1,231,625.",1016,1,
Daniel Mugambi,National Government,53,Western,Kakamega,Kakamega,Kakamega,Grace Njeri,Walk In,Toyota,HILUX,Pickup,2019,Petrol,Automatic,Blue,0.03,Asset Finance,Paid,Delivered,4.6,41,Yes,05-Jun-26,"Ksh4,660,000.00","Ksh5,980,000.00","Ksh35,000.00","Ksh34,000.00",16-Jun-26,"Ksh5,835,600.",1019,1,5835600
Hassan Kariuki,Ngo,54,Coast,Mombasa,Mombasa,Mombasa,Kevin Mwangi,Call,Volkswagen,TIGUAN,Suv,2025,Petrol,Automatic,Pearl,0.1,Bank Transfer,Paid,In Transit,3.2,25,No,23-Feb-26,"Ksh4,380,000.00","Ksh5,297,872.03","Ksh24,896.45","Ksh55,000.00",,"Ksh4,557,400.",1025,1,4792981.276
Mary Kimani,National Government,55,Central,Kiambu,Thika,Thika,Daniel Kimani,Referral,Toyota,PRADO,Suv,2023,Petrol,Automatic,Green,0.02,Mpesa,Paid,In Transit,3.1,34,Yes,16-Apr-25,"Ksh6,600,000.00","Ksh8,127,000.00","Ksh43,000.00","Ksh65,000.00",05-Apr-25,"Ksh8,007,460.",1026,1,8007460
Brian Kimani,National Government,38,Central,Kiambu,Thika,Thika,Aisha Mohamed,Facebook,Toyota,PRADO,Suv,2020,Hybrid,Automatic,Green,0.12,Bank Transfer,Paid,Delivered,3.5,39,Yes,23-Apr-25,"Ksh6,868,000.00","Ksh7,937,000.00","Ksh119,000.00","Ksh133,000.00",08-May-25,"Ksh7,103,560.",1028,1,7103560
Linda Wafula,National Government,36,Coast,Mombasa,Mombasa,Mombasa,Brian Otieno,Website,Subaru,OUTBACK,Wagon,2020,Petrol,Automatic,Silver,0.12,Mpesa,Paid,Cancelled,4,10,No,12-Jan-26,,"Ksh3,931,000.00","Ksh50,000.00",,11-Feb-26,"Ksh3,512,280.",1031,1,3509280
Mercy Chebet,Ngo,32,Eastern,Machakos,Athi River,Athi River,Samuel Mutua,Corporate Tender,Mitsubishi,CANTER,Truck,2024,Petrol,Automatic,Black,0.1,Mpesa,Paid,In Transit,6,2,No,23-Mar-26,"Ksh3,229,000.00","Ksh3,649,000.00","Ksh154,000.00","Ksh142,000.00",16-Apr-26,"Ksh3,438,100.",1034,1,3438100
James Wafula,Ngo,28,Central,Kiambu,Thika,Thika,Peter Kiptoo,Instagram,Subaru,FORESTER,Suv,2020,Hybrid,Automatic,Pearl,0.12,Cash,Paid,Delivered,3.3,33,Unknown,05-Apr-26,"Ksh2,977,000.00","Ksh3,586,000.00","Ksh106,000.00","Ksh84,000.00",05-May-26,"Ksh611,199.",1040,1,3261680
Grace Kariuki,Ngo,25,Coast,Mombasa,Mombasa,Mombasa,Peter Kiptoo,Corporate Tender,Mazda,DEMIO,Hatchback,2015,Petrol,Automatic,Grey,0.1,Asset Finance,Paid,In Transit,2.7,14,Yes,15-Nov-25,"Ksh961,000.00","Ksh1,210,000.00","Ksh84,000.00","Ksh68,000.00",26-Nov-25,"Ksh1,173,000.",1041,1,1173000
Mercy Mohamed,Individual,54,Nyanza,Kisumu,Kisumu,Kisumu,Faith Achieng,Tender,Subaru,IMPREZA,Sedan,2021,Petrol,Automatic,Silver,0.15,Asset Finance,Paid,In Transit,2.2,42,No,16-Apr-26,"Ksh1,699,000.00","Ksh2,177,000.00","Ksh55,236.70","Ksh74,000.00",26-Apr-26,"Ksh1,914,450.",1048,1,1905686.698
Peter Kiptoo,National Government,23,Coast,Mombasa,Mombasa,Mombasa,Mary Wanjiku,Instagram,Honda,VEZEL,Crossover,2021,Hybrid,Automatic,Green,0.1,Bankers Cheque,Paid,Delivered,2.6,22,No,21-Jun-25,"Ksh2,220,000.00",,"Ksh40,000.00","Ksh37,000.00",16-Jul-25,"Ksh2,559,500.",1053,1,
Winnie Wanjiku,Car Dealer,57,Coast,Mombasa,Mombasa,Mombasa,Peter Kiptoo,Instagram,Subaru,FORESTER,Suv,2021,Petrol,Automatic,Grey,0.15,Bankers Cheque,Paid,Delivered,3.3,,Unknown,15-Aug-25,"Ksh3,176,000.00","Ksh3,889,000.00","Ksh143,000.00","Ksh139,000.00",27-Aug-25,"Ksh3,448,650.",1056,1,3448650
Joseph Wanjiku,Individual,55,Nyanza,Kisumu,Kisumu,Kisumu,Mercy Atieno,Corporate Tender,Isuzu,DMAX,Pickup,2026,Hybrid,Automatic,Black,0.02,Cash,Paid,Delayed,4.2,37,No,23-Dec-25,"Ksh3,756,000.00","Ksh4,220,000.00","Ksh105,000.00","Ksh124,000.00",14-Jan-26,"Ksh4,240,600.",1059,1,4240600
Naomi Ochieng,Individual,56,Eastern,Machakos,Athi River,Athi River,Samuel Mutua,Call,Mitsubishi,PAJERO,Suv,2025,Petrol,Automatic,Green,0.03,Mpesa,Paid,Delivered,4.3,21,Yes,01-Mar-25,"Ksh4,827,000.00","Ksh5,509,000.00","Ksh172,000.00","Ksh169,000.00",26-Mar-25,"Ksh6,070,000.",1064,1,5515730
Naomi Mwangi,National Government,,Rift-Valley,Nakuru,Nakuru,Nakuru,Grace Njeri,Facebook,Toyota,HARRIER,Suv,2018,Diesel,Automatic,Blue,0.07,Mpesa,Paid,Delivered,4.7,29,Yes,17-Aug-25,"Ksh3,584,000.00","Ksh4,536,000.00","Ksh23,000.00","Ksh50,000.00",26-Aug-25,"Ksh4,241,480.",1065,1,4241480
Mary Maina,County Government,31,Rift-Valley,Uasin Gishu,Eldoret,Eldoret,Aisha Mohamed,Facebook,Nissan,JUKE,Crossover,2018,Diesel,Automatic,Pearl,0.07,Cash,Paid,Delivered,2.4,39,No,07-Nov-25,"Ksh1,619,000.00","Ksh1,837,000.00","Ksh39,833.55",Ksh0.00,11-Nov-25,"Ksh233,121.33",1069,1,1748243.547
Samuel Kimani,Car Dealer,25,Nyanza,Kisumu,Kisumu,Kisumu,Daniel Kimani,Facebook,Subaru,XV,Crossover,2019,Petrol,Automatic,Red,,Bank Transfer,Paid,At The Yard,4.4,26,No,30-Nov-25,"Ksh1,841,000.00","Ksh2,283,000.00","Ksh136,000.00","Ksh204,000.00",25-Dec-25,"Ksh4,381,400.",1077,1,
John Muthoni,National Government,46,Rift-Valley,Nakuru,Nakuru,Nakuru,Kevin Mwangi,Tender,Bmw,320I,Saloon,2019,Hybrid,Automatic,Green,0.07,Asset Finance,Paid,Delivered,4,29,Yes,23-Jul-25,"Ksh3,500,830.69","Ksh4,301,000.00","Ksh86,000.00","Ksh120,000.00",24-Jul-25,"Ksh4,085,929.",1080,1,4085930
Linda Mugambi,Corporate,37,Coast,Mombasa,Mombasa,Mombasa,Peter Kiptoo,Website,Honda,VEZEL,Crossover,2021,Petrol,Automatic,Blue,0.1,Cash,Paid,At The Yard,2.8,38,No,28-Mar-25,"Ksh1,910,000.00","Ksh2,489,000.00","Ksh120,000.00","Ksh110,000.00",14-Mar-25,"Ksh2,355,100.",1081,1,2360100
Linda Mutua,Car Dealer,,Coast,Mombasa,Mombasa,Mombasa,Brian Otieno,Facebook,Subaru,OUTBACK,Wagon,2021,Diesel,Automatic,Black,0.07,Bankers Cheque,Paid,Delivered,4.4,31,Yes,13-Apr-26,"Ksh2,967,000.00","Ksh3,505,000.00","Ksh78,000.00","Ksh129,000.00",29-Jun-25,"Ksh3,337,650.",1082,1,3337650
Faith Mohamed,National Government,47,Rift-Valley,Uasin Gishu,Eldoret,Eldoret,Mercy Atieno,Facebook,Mercedes-Benz,C200,Sedan,2018,Petrol,Automatic,Pearl,0,Cash,Paid,Delivered,4,26,No,27-Apr-25,"Ksh4,154,000.00","Ksh4,798,000.00","Ksh167,000.00","Ksh244,000.00",03-May-25,"Ksh4,284,795.",1084,1,4965000
Aisha Achieng,National Government,29,Central,Kiambu,Thika,Thika,Samuel Mutua,Call,Toyota,HIACE,Van,2019,Petrol,Automatic,Blue,0.5,Bankers Cheque,Paid,Delivered,3.6,23,No,13-Mar-25,"Ksh3,484,000.00","Ksh4,332,000.00","Ksh62,000.00","Ksh74,692.03",01-Apr-25,"Ksh2,230,000.",1085,1,2228000
Joy Wafula,Car Dealer,38,Coast,Mombasa,Mombasa,Mombasa,Mary Wanjiku,Instagram,Isuzu,DMAX,Pickup,2018,Diesel,Automatic,White,0,Mpesa,Paid,At The Yard,3.9,6,Yes,31-Jan-26,"Ksh3,415,000.00","Ksh4,460,000.00","Ksh41,028.00","Ksh70,000.00",16-Feb-26,"Ksh4,362,290.",1089,1,4501028
Samuel Kiptoo,Car Dealer,25,Coast,Mombasa,Nyali,Mombasa,Peter Kiptoo,Referral,Mercedes-Benz,C200,Saloon,2032,Petrol,Automatic,Green,0.15,Cash,Paid,Delivered,2.3,43,No,06-May-26,"Ksh4,663,000.00","Ksh5,159,000.00","Ksh72,696.97","Ksh78,000.00",22-May-26,"Ksh4,458,150.",1091,1,4457846.968
Aisha Mutua,Ngo,31,Western,Kakamega,Kakamega,Kakamega,Mary Wanjiku,Website,Toyota,PRADO,Suv,,Petrol,Automatic,Black,0.03,Mpesa,Paid,Delivered,3,41,No,21-Sept-25,"Ksh6,304,000.00","Ksh7,231,000.00","Ksh115,000.00","Ksh122,000.00",06-Oct-25,"Ksh7,129,070.",1097,1,7129070
Carol Wanjiku,Car Dealer,28,Rift-Valley,Nakuru,Nakuru,Nakuru,Brian Otieno,Call,Subaru,OUTBACK,Wagon,2017,Diesel,Automatic,Grey,0.15,Bankers Cheque,Paid,Delivered,2.5,20,No,11-Jan-26,Ksh0.00,"Ksh3,369,000.00","Ksh141,000.00","Ksh204,000.00",16-Mar-26,"Ksh3,004,650.",1098,1,3004650
Linda Achieng,Non Profit,56,Coast,Mombasa,Mombasa,Mombasa,Mary Wanjiku,Call,Mazda,AXELA,Sedan,,Petrol,Automatic,Silver,0.15,Bankers Cheque,Paid,Delivered,4.2,20,No,,"Ksh1,532,000.00","Ksh1,819,000.00","Ksh150,000.00","Ksh203,000.00",21-Jun-26,,1099,1,1696150
N/A,Retail,65,Eastern,Machakos,Athi River,Athi River,Faith Achieng,Walk In,Subaru,OUTBACK,Wagon,2016,Diesel,Automatic,Black,0.05,Cash,Paid,Delivered,2.5,,No,15-Sept-25,"Ksh2,969,000.00","Ksh3,715,000.00","Ksh845,000.00","Ksh174,000.00",10-Oct-25,"Ksh3,698,250.",1100,1,4374250
Victor Ochieng,Individual,68,Coast,Mombasa,Mombasa,Mombasa,Grace Njeri,Instagram,Honda,VEZEL,Crossover,2018,Petrol,Automatic,Silver,0.2,Cash,Paid,Delayed,3.2,4,Yes,03-May-26,,"Ksh2,789,000.00","Ksh40,000.00","Ksh40,000.00",29-May-26,"Ksh2,270,200.",1103,1,2271200
Aisha Mutua,Corporate,64,Nyanza,Kisumu,Kisumu,Kisumu,Brian Otieno,Website,Toyota,HARRIER,Suv,2021,Petrol,Automatic,Grey,0.12,Bankers Cheque,Paid,Delivered,1,6,Unknown,10-Apr-26,"Ksh4,288,000.00","Ksh4,904,000.00","Ksh59,000.00","Ksh74,000.00",30-Apr-26,"Ksh4,374,520.",1104,1,4374520
Daniel Maina,Corporate,55,Rift-Valley,Nakuru,Nakuru,Nakuru,Mary Wanjiku,Walk In,Isuzu,DMAX,Pickup,2023,Hybrid,Automatic,Red,0.03,Bank Transfer,Paid,In Transit,3,10,Unknown,09-Apr-25,"Ksh3,753,000.00","Ksh4,302,000.00","Ksh42,000.00","Ksh38,000.00",21-Apr-25,"Ksh4,138,509.088",1105,1,4214940
Brian Wafula,Car Dealer,37,Coast,Mombasa,Mombasa,Mombasa,Mary Wanjiku,Walk In,Mercedes-Benz,E-250,Sedan,2019,Petrol,Automatic,Pearl,,Bankers Cheque,Paid,In Transit,3.8,11,No,,"Ksh5,892,000.00","Ksh7,033,000.00","Ksh42,000.00","Ksh55,000.00",07-Nov-25,"Ksh6,367,500.",1110,1,
Hassan Mutua,Car Dealer,49,Central,Kiambu,Thika,Thika,Kevin Mwangi,Facebook,Volkswagen,TIGUAN,Suv,2018,Petrol,Automatic,Grey,,Loan,Paid,Delivered,4.7,7,Yes,02-Nov-25,"Ksh4,111,000.00","Ksh4,943,000.00","Ksh111,000.00","Ksh128,000.00",29-Nov-25,"Ksh4,955,140.",1112,1,
James Chebet,Car Dealer,33,Nyanza,Kisumu,Kisumu,Kisumu,Mercy Atieno,Facebook,Mitsubishi,PAJERO,Suv,2019,Petrol,Automatic,White,0.1,Cash,Paid,Delivered,3.9,8,Yes,,"Ksh4,117,000.00","Ksh5,268,000.00","Ksh52,000.00","Ksh73,000.00",03-Jun-26,"Ksh4,793,200.",1113,1,4793200
Kevin Kariuki,Ngo,44,Coast,Mombasa,Mombasa,Mombasa,Faith Achieng,Facebook,Toyota,COROLLA,Saloon,2015,Petrol,Automatic,White,,Loan,Paid,Delivered,2.1,33,No,10-Jan-25,"Ksh1,452,000.00","Ksh1,691,000.00","Ksh169,000.00",,01-Apr-25,"Ksh1,780,000.",1114,1,
Joy Chebet,Car Dealer,,Nairobi,Nairobi,Nairobi,Nairobi - Main,Brian Otieno,Website,Toyota,HIACE,Van,2025,Petrol,Automatic,Blue,0,Bankers Cheque,Paid,At The Yard,4,4,No,13-Mar-26,"Ksh4,429,000.00","Ksh5,377,000.00","Ksh73,000.00","Ksh116,000.00",09-Apr-26,"Ksh5,426,942.706",1116,1,5450000
Mary Nyambura,Corporate,,Rift-Valley,Uasin Gishu,Eldoret,Eldoret,Daniel Kimani,Call,Toyota,HARRIER,Suv,2024,Hybrid,Automatic,White,0,Loan,Paid,In Transit,4.1,19,No,24-Aug-25,"Ksh3,246,000.00","Ksh4,205,000.00","Ksh100,000.00","Ksh140,000.00",25-Aug-25,"Ksh4,307,000.",1118,1,4305000
Grace Otieno,National Government,45,Central,Kiambu,Thika,Thika,Kevin Mwangi,Referral,Subaru,OUTBACK,Wagon,2015,Petrol,Automatic,Grey,0.12,Cash,Paid,At The Yard,2.9,32,No,01-Dec-25,"Ksh3,654,000.00","Ksh4,018,000.00","Ksh67,000.00","Ksh99,000.00",13-Dec-25,"Ksh3,602,840.",1119,1,3602840
Linda Omondi,Ngo,37,Central,Kiambu,Thika,Thika,Daniel Kimani,Facebook,Toyota,LANDCRUISER,Suv,2022,Diesel,Automatic,Green,0.15,Asset Finance,Paid,In Transit,2.3,1,Yes,13-Jun-26,"Ksh10,910,000.00","Ksh12,281,000.00","Ksh120,000.00","Ksh128,000.00",23-Jun-26,"Ksh10,558,850.",1120,1,10558850
Victor Mwangi,Non Profit,,Central,Kiambu,Thika,Thika,Grace Njeri,Referral,Mazda,DEMIO,Hatchback,2016,Diesel,Automatic,Green,0,Mpesa,Paid,Cancelled,3.6,37,No,03-Jun-26,"Ksh1,159,000.00","Ksh1,320,000.00","Ksh90,000.00","Ksh108,000.00",24-Jun-26,"Ksh1,252,600.",1121,1,1410000
Mercy Mugambi,Ngo,53,Rift-Valley,Uasin Gishu,Eldoret,Eldoret,Mary Wanjiku,Instagram,Mazda,CX-5,Suv,2024,Petrol,Automatic,Blue,0,Cash,Paid,At The Yard,3.1,28,No,04-Aug-26,"Ksh2,880,000.00","Ksh3,422,000.00","Ksh99,000.00",,,"Ksh3,521,000.",1127,1,3521000
Faith Kiptoo,Ngo,,Rift-Valley,Uasin Gishu,Eldoret,Eldoret,Mercy Atieno,Website,Mitsubishi,OUTLANDER,Suv,2018,Hybrid,Automatic,Silver,0,Mpesa,Paid,In Transit,4.3,8,No,27-Jan-26,"Ksh2,500,000.00","Ksh3,103,000.00","Ksh85,000.00","Ksh114,779.43",30-Jan-26,"Ksh2,869,200.",1131,1,3188000
Victor Kiptoo,Non Profit,58,Rift-Valley,Uasin Gishu,Eldoret,Eldoret,Mercy Atieno,Corporate Tender,Mitsubishi,OUTLANDER,Suv,2016,Diesel,Automatic,Red,0.12,Bank Transfer,Paid,Delivered,3.1,0,Yes,,"Ksh2,589,000.00","Ksh2,971,000.00","Ksh153,592.03",,09-Jul-25,"Ksh2,760,480.",1132,1,2768072.026
Mary Mugambi,Corporate,27,Western,Kakamega,Kakamega,Kakamega,Faith Achieng,Facebook,Nissan,JUKE,Crossover,2023,Diesel,Automatic,White,0.03,Mpesa,Paid,In Transit,4.9,11,No,29-Jul-25,"Ksh1,483,000.00","Ksh1,861,000.00","Ksh140,000.00","Ksh166,000.00",,"Ksh1,945,170.",1133,1,1945170
Brian Achieng,Ngo,29,Rift-Valley,Nakuru,Nakuru,Nakuru,Peter Kiptoo,Referral,Toyota,COROLLA,Sedan,2026,Petrol,Automatic,Green,0.15,Bank Transfer,Paid,In Transit,3.9,41,No,23-Feb-25,"Ksh1,595,000.00","Ksh2,059,000.00","Ksh68,000.00","Ksh54,000.00",06-Mar-25,,1136,1,1818150
Victor Maina,Individual,35,Rift-Valley,Nakuru,Nakuru,Nakuru,Mercy Atieno,Whatsapp,Toyota,HILUX,Pickup,2018,Petrol,Automatic,Blue,0.5,Bankers Cheque,Paid,Delivered,3.4,25,Yes,14-May-25,"Ksh4,477,000.00","Ksh5,032,000.00",Ksh0.00,"Ksh222,000.00",03-Jun-25,"Ksh2,684,000.",1138,1,2516000
John Mwangi,Corporate,31,Coast,Mombasa,Mombasa,Mombasa,Faith Achieng,Website,Mazda,CX-5,Suv,2016,Diesel,Automatic,Blue,0.15,Bankers Cheque,Paid,In Transit,4.7,9,No,29-May-25,"Ksh3,320,000.00","Ksh3,656,000.00","Ksh91,000.00","Ksh122,000.00",23-Jun-25,"Ksh3,200,000.",1139,1,3198600
Mary Omondi,Car Dealer,32,Nyanza,Kisumu,Kisumu,Kisumu,Kevin Mwangi,Corporate Tender,Isuzu,N-SERIES,Truck,2021,Diesel,Automatic,Grey,0.05,Cash,Paid,At The Yard,4.1,37,No,26-Oct-25,"Ksh4,889,000.00","Ksh5,385,000.00","Ksh84,000.00","Ksh100,000.00",,"Ksh5,199,750.",1140,1,5199750
Mercy Mutua,Ngo,59,Central,Kiambu,Thika,Thika,Aisha Mohamed,Call,Mercedes-Benz,C200,Sedan,2019,Hybrid,Automatic,Green,0,Cash,Paid,Delivered,4,13,No,,,"Ksh4,952,000.00","Ksh167,000.00","Ksh157,000.00",01-Dec-25,,1146,1,5119000
Victor Mwangi,Individual,,Eastern,Machakos,Mlolongo,Athi River,Brian Otieno,Call,Toyota,COROLLA,Sedan,,Hybrid,Automatic,White,0.07,Asset Finance,Paid,At The Yard,,25,Yes,07-Aug-25,"Ksh1,479,000.00","Ksh1,848,000.00","Ksh98,000.00","Ksh127,000.00",11-Aug-25,"Ksh1,998,304.",1149,1,1816640
Faith Mwangi,Ngo,61,Rift-Valley,Uasin Gishu,Eldoret,Eldoret,Daniel Kimani,Whatsapp,Honda,VEZEL,Crossover,2024,Petrol,Automatic,White,0,Bank Transfer,Paid,Cancelled,2.2,12,No,,"Ksh2,349,000.00","Ksh2,642,000.00","Ksh94,000.00",,,"Ksh2,736,000.",1155,1,2736000
Mary Mohamed,Corporate,61,Nyanza,Kisumu,Kisumu,Kisumu,Grace Njeri,Instagram,Toyota,PRADO,Suv,2015,Petrol,Automatic,White,0.1,Bank Transfer,Paid,Cancelled,2.8,32,No,13-Aug-25,"Ksh5,632,000.00","Ksh6,845,000.00","Ksh178,000.00","Ksh148,000.00",15-Aug-25,"Ksh6,338,500.",1159,1,6338500
Grace Chebet,Car Dealer,54,Coast,Mombasa,Mombasa,Mombasa,Aisha Mohamed,Corporate Tender,Toyota,PRADO,Suv,2015,Petrol,Automatic,White,0.07,Bankers Cheque,Paid,Delivered,,35,No,21-Jan-25,"Ksh6,501,000.00","Ksh7,473,000.00","Ksh70,000.00","Ksh129,000.00",05-Feb-25,"Ksh7,019,890.",1160,1,7019890
Winnie Muthoni,Car Dealer,45,Western,Kakamega,Kakamega,Kakamega,Grace Njeri,Corporate Tender,Honda,VEZEL,Crossover,2015,Diesel,Automatic,White,0.05,Bankers Cheque,Paid,In Transit,4.3,2,Yes,28-Oct-25,"Ksh2,670,000.00","Ksh2,990,000.00","Ksh30,000.00","Ksh42,000.00",16-Feb-26,"Ksh2,869,300.",1164,1,2870500
Carol Ochieng,Ngo,35,Western,Kakamega,Kakamega,Kakamega,Brian Otieno,Call,Toyota,AXIO,Sedan,2021,Hybrid,Automatic,Green,0.1,Bank Transfer,Paid,Delayed,2.5,24,Yes,,"Ksh1,581,000.00",,"Ksh97,000.00","Ksh157,000.00",17-Mar-25,"Ksh1,767,400.",1168,1,
John Mugambi,Corporate,61,Western,Kakamega,Kakamega,Kakamega,Grace Njeri,Referral,Toyota,COROLLA,Sedan,2023,Diesel,Automatic,Green,0.12,Asset Finance,Paid,Delivered,4.2,23,No,13-Feb-26,"Ksh1,907,429.31","Ksh2,021,000.00","Ksh100,000.00",,15-Mar-26,"Ksh1,878,480.",1169,1,1878480
Joseph Kimani,Ngo,43,Nairobi,Nairobi,Nairobi,Nairobi - Main,Mercy Atieno,Corporate Tender,Toyota,FIELDER,Wagon,2018,Petrol,Automatic,Red,0.1,Asset Finance,Paid,Cancelled,2.4,41,No,29-Mar-25,"Ksh1,700,000.00","Ksh1,890,000.00","Ksh36,000.00","Ksh57,000.00",17-Apr-25,"Ksh1,732,500.",1175,1,1737000
Winnie Kiptoo,Individual,56,Eastern,Machakos,Athi River,Athi River,Samuel Mutua,Facebook,Toyota,COROLLA,Sedan,,Electric,Automatic,Red,0.15,Bankers Cheque,Paid,Delivered,2.4,12,No,03-Oct-25,"Ksh1,676,000.00","Ksh2,015,000.00","Ksh82,000.00","Ksh96,000.00",22-Oct-25,"Ksh1,794,750.",1176,1,1794750
Kevin Muthoni,Corporate,39,Central,Kiambu,Thika,Thika,Faith Achieng,Referral,Toyota,PRADO,Suv,2025,Diesel,Automatic,Pearl,0.1,Bank Transfer,Paid,Delivered,2.5,0,No,18-Feb-26,"Ksh6,677,000.00","Ksh7,979,000.00","Ksh60,000.00","Ksh62,000.00",27-Feb-26,"Ksh7,109,794.72",1181,1,7241100
Linda Mwangi,National Government,45,Rift-Valley,Uasin Gishu,Eldoret,Eldoret,Aisha Mohamed,Facebook,Honda,FIT,Hatchback,2024,Hybrid,Automatic,Pearl,0.05,Bank Transfer,Paid,Delivered,4.6,30,No,12-Apr-26,"Ksh1,165,320.00","Ksh1,484,000.00","Ksh2,367.00","Ksh76,000.00",05-Sept-26,"Ksh1,454,800.",1184,1,1412167
Peter Maina,Ngo,52,Eastern,Machakos,Mlolongo,Athi River,Daniel Kimani,Instagram,Subaru,OUTBACK,Wagon,2024,Petrol,Automatic,White,0.07,Bank Transfer,Paid,In Transit,4.8,,Yes,01-Feb-25,"Ksh3,082,000.00","Ksh3,558,000.00","Ksh156,000.00","Ksh233,000.00",05-Jan-25,"Ksh3,450,280.041",1189,1,3464940
Kevin Njeri,Individual,53,Coast,Mombasa,Mombasa,Mombasa,Peter Kiptoo,Whatsapp,Toyota,HARRIER,Suv,2022,Petrol,Automatic,Red,0.1,Bankers Cheque,Paid,Delivered,5,4,No,07-Oct-25,"Ksh4,036,000.00","Ksh4,615,000.00",Ksh0.00,"Ksh180,000.00",,"Ksh4,306,500.",1195,1,4153500
Brian Wanjiku,Non Profit,58,Central,Kiambu,Thika,Thika,Mary Wanjiku,Instagram,Toyota,LANDCRUISER,Suv,2018,Petrol,Automatic,Unknown,0.12,Bank Transfer,Paid,Cancelled,2.8,3,No,,"Ksh12,674,254.69","Ksh14,682,000.00",,"Ksh151,000.00",24-Feb-26,"Ksh6,509,080.",1202,1,
Mary Kiptoo,Corporate,55,Central,Kiambu,Thika,Thika,Mercy Atieno,Instagram,Isuzu,DMAX,Pickup,2015,Petrol,Automatic,Red,0.03,Bankers Cheque,Paid,Delivered,4.2,32,No,26-May-25,"Ksh3,526,000.00","Ksh4,230,000.00","Ksh130,000.00","Ksh181,000.00",19-Jun-25,"Ksh4,233,100.",1205,1,4233100
Faith Maina,Individual,42,Eastern,Machakos,Athi River,Athi River,Grace Njeri,Referral,Honda,VEZEL,Crossover,2017,Petrol,Automatic,Blue,,Mpesa,Paid,Delivered,3,16,Yes,03-Sept-25,"Ksh2,319,000.00","Ksh3,042,000.00","Ksh166,000.00","Ksh211,000.00",26-Sept-25,"Ksh3,208,000.",1207,1,
Unknown,Ngo,,Rift-Valley,Nakuru,Nakuru,Nakuru,Daniel Kimani,Corporate Tender,Mazda,ATENZA,Sedan,2023,Hybrid,Automatic,Green,0.15,Mpesa,Paid,Delivered,4.7,39,Yes,24-Mar-25,"Ksh2,032,000.00","Ksh2,480,000.00","Ksh146,000.00","Ksh143,000.00",21-Apr-25,"Ksh601,066.67",1216,1,2254000
Mary Mohamed,Individual,,Central,Kiambu,Thika,Thika,Aisha Mohamed,Call,Volkswagen,TIGUAN,Suv,2023,Diesel,Automatic,Green,,Bankers Cheque,Paid,Delivered,4.6,11,No,24-Aug-25,"Ksh3,885,395.70","Ksh4,591,000.00","Ksh102,043.97","Ksh129,000.00",06-Sept-25,"Ksh4,596,180.",1217,1,
James Mugambi,Individual,43,Eastern,Machakos,Athi River,Athi River,Faith Achieng,Whatsapp,Honda,VEZEL,Crossover,2022,Petrol,Automatic,Red,,Mpesa,Paid,Delivered,2.8,8,No,16-Jun-26,"Ksh2,332,000.00","Ksh2,755,000.00","Ksh35,000.00","Ksh51,000.00",22-Jun-26,"Ksh2,707,350.",1219,1,
Kevin Wanjiku,Non Profit,62,Nyanza,Kisumu,Kisumu,Kisumu,Daniel Kimani,Instagram,Mercedes-Benz,E-250,Saloon,2015,Petrol,Automatic,Black,0.15,Cash,Paid,Cancelled,2.4,41,Unknown,05-Dec-25,"Ksh6,005,000.00","Ksh7,019,000.00","Ksh145,000.00","Ksh175,000.00",14-Dec-25,,1222,1,6111150
Naomi Mutua,Corporate,,Coast,Mombasa,Mombasa,Mombasa,Faith Achieng,Call,Honda,VEZEL,Crossover,2024,Hybrid,Automatic,Blue,0.03,Cash,Paid,Delivered,2.8,29,No,21-Mar-25,"Ksh2,208,000.00","Ksh2,443,000.00","Ksh52,000.00",,06-Apr-25,"Ksh4,843,420.",1225,1,2421710
Naomi Nyambura,Company,35,Coast,Mombasa,Mombasa,Mombasa,Mercy Atieno,Instagram,Mazda,CX-5,Suv,2023,Petrol,Automatic,White,0.1,Cash,Paid,In Transit,2.8,27,No,21-Dec-25,"Ksh3,030,000.00","Ksh3,560,000.00","Ksh82,000.00","Ksh85,000.00",18-Jan-26,"Ksh438,133.33",1227,1,3286000
Kevin Kimani,Ngo,33,Coast,Mombasa,Mombasa,Mombasa,Mercy Atieno,Call,Bmw,X-5,Suv,2020,Hybrid,Automatic,White,0.15,Asset Finance,Paid,Delivered,5,10,Yes,18-Apr-26,"Ksh8,484,000.00","Ksh9,991,000.00","Ksh117,000.00","Ksh170,000.00",16-May-26,"Ksh8,609,350.",1235,1,8609350
Joy Kariuki,Company,36,Eastern,Machakos,Mlolongo,Athi River,Kevin Mwangi,Walk In,Nissan,X-TRAIL,Suv,2022,Petrol,Automatic,Pearl,0,Mpesa,Paid,Delivered,3.4,45,No,17-Sept-25,"Ksh2,829,000.00","Ksh3,631,000.00","Ksh40,000.00","Ksh66,000.00",03-Sept-25,"Ksh3,676,000.",1237,1,3671000
Mercy Muthoni,National Government,41,Nyanza,Kisumu,Kisumu,Kisumu,Daniel Kimani,Whatsapp,Subaru,FORESTER,Suv,2020,Diesel,Automatic,Silver,0.05,Cash,Paid,In Transit,3.2,20,Unknown,16-Dec-25,"Ksh3,054,000.00",Ksh0.00,"Ksh54,000.00","Ksh63,000.00",11-Apr-26,"Ksh486,506.67",1238,1,54000
Mary Maina,Ngo,28,Rift-Valley,Nakuru,Nakuru,Nakuru,Faith Achieng,Facebook,Mercedes-Benz,C200,Sedan,2015,Diesel,Automatic,Red,0.02,Cash,Paid,Delayed,2.4,1,Yes,24-Oct-25,"Ksh4,678,000.00","Ksh5,736,000.00","Ksh72,000.00","Ksh80,000.00",,"Ksh5,693,280.",1239,1,5693280
Grace Nyambura,National Government,,Eastern,Machakos,Athi River,Athi River,Grace Njeri,Walk In,Mazda,DEMIO,Hatchback,2021,Petrol,Automatic,Red,0.2,Bankers Cheque,Paid,At The Yard,4.7,34,Yes,14-May-26,"Ksh1,085,000.00","Ksh1,269,000.00","Ksh56,763.03","Ksh68,000.00",01-Jun-26,"Ksh1,072,200.",1240,1,1071963.032
Grace Kiptoo,Non Profit,58,Rift-Valley,Uasin Gishu,Eldoret,Eldoret,Mercy Atieno,Walk In,Subaru,IMPREZA,Sedan,2022,Hybrid,Automatic,Pearl,0,Cash,Paid,Delivered,4.9,20,Unknown,02-Feb-25,"Ksh1,852,000.00","Ksh2,150,000.00","Ksh62,000.00","Ksh80,000.00",21-Feb-25,"Ksh1,674,500.",1244,1,2212000
Brian Maina,Corporate,45,Western,Kakamega,Kakamega,Kakamega,Mercy Atieno,Website,Subaru,FORESTER,Suv,2026,Petrol,Automatic,White,0.1,Bankers Cheque,Paid,Delivered,4.3,30,Yes,29-Oct-25,"Ksh2,323,000.00","Ksh3,043,000.00","Ksh5,891.23",,24-Nov-25,"Ksh3,135,770.",1246,1,2744591.226
Unknown,Corporate,31,Coast,Mombasa,Mombasa,Mombasa,Grace Njeri,Website,Honda,FIT,Hatchback,2022,Hybrid,Automatic,White,,Asset Finance,Paid,Delivered,4,44,Yes,30-May-25,,"Ksh1,470,000.00","Ksh106,000.00","Ksh170,000.00",02-Jun-25,"Ksh1,546,600.",1247,1,
Joseph Omondi,Corporate,64,Coast,Mombasa,Mombasa,Mombasa,Brian Otieno,Corporate Tender,Mitsubishi,OUTLANDER,Suv,2021,Petrol,Automatic,Black,0.02,Bankers Cheque,Paid,Delivered,4.4,27,Unknown,11-Nov-25,"Ksh2,841,000.00","Ksh3,444,000.00","Ksh164,000.00","Ksh225,000.00",09-Dec-25,"Ksh3,539,120.",1249,1,3539120
Victor Maina,Ngo,56,Western,Kakamega,Kakamega,Kakamega,Daniel Kimani,Call,Toyota,COROLLA,Sedan,2024,Petrol,Automatic,White,0.25,Bank Transfer,Paid,Delivered,4.7,29,Unknown,,"Ksh1,401,000.00","Ksh1,775,000.00","Ksh34,000.00","Ksh52,000.00",26-Aug-25,"Ksh1,365,250.",1251,1,1365250
James Wafula,National Government,39,Nyanza,Kisumu,Kisumu,Kisumu,Grace Njeri,Referral,Mitsubishi,PAJERO,Suv,2023,Diesel,Automatic,Grey,,Asset Finance,Paid,At The Yard,2.7,14,Yes,23-Jan-25,"Ksh3,530,000.00","Ksh4,376,000.00","Ksh93,000.00","Ksh116,000.00",,"Ksh4,162,679.",1253,1,
Daniel Mwangi,Non Profit,22,Coast,Mombasa,Mombasa,Mombasa,Kevin Mwangi,Referral,Volkswagen,GOLF,Hatchback,2019,Petrol,Automatic,Silver,0.1,Bank Transfer,Paid,Delivered,3.9,32,Yes,,"Ksh1,547,000.00","Ksh1,960,000.00","Ksh38,000.00","Ksh58,000.00",21-Feb-25,"Ksh1,798,400.",1259,1,1802000
Linda Nyambura,Car Dealer,26,Western,Kakamega,Kakamega,Kakamega,Mary Wanjiku,Referral,Nissan,NOTE,Hatchback,2026,Petrol,Automatic,Silver,0.25,Asset Finance,Paid,Delivered,,24,Yes,05-Dec-25,"Ksh1,000,000.00","Ksh1,283,000.00","Ksh30,000.00","Ksh70,000.00",31-Dec-25,,1262,1,992250
Grace Kiptoo,National Government,59,Rift-Valley,Nakuru,Nakuru,Nakuru,Daniel Kimani,Facebook,Subaru,OUTBACK,Wagon,2016,Petrol,Automatic,Silver,0.1,Mpesa,Paid,In Transit,4,15,No,21-Sept-25,"Ksh3,038,000.00","Ksh3,495,000.00","Ksh58,000.00","Ksh56,000.00",29-Sept-25,"Ksh3,203,500.",1265,1,3203500
Linda Wafula,Car Dealer,63,Coast,Mombasa,Mombasa,Mombasa,Mary Wanjiku,Whatsapp,Subaru,FORESTER,Suv,2023,Petrol,Automatic,Grey,0.03,Asset Finance,Paid,Delivered,2.1,42,No,27-Dec-25,,"Ksh3,240,000.00",Ksh0.00,"Ksh172,000.00",02-Jan-26,"Ksh3,313,800.",1266,1,3142800
James Njeri,Corporate,29,Rift-Valley,Nakuru,Nakuru,Nakuru,Mercy Atieno,Corporate Tender,Nissan,JUKE,Crossover,2025,Petrol,Automatic,Grey,0.5,Cash,Paid,Delivered,3,33,Yes,13-Jun-25,,"Ksh2,114,000.00","Ksh169,000.00","Ksh107,000.00",19-Jun-25,"Ksh1,226,000.",1269,1,1226000
Winnie Kariuki,National Government,42,Western,Kakamega,Kakamega,Kakamega,Mary Wanjiku,Instagram,Honda,CR-V,Suv,2025,Petrol,Automatic,Unknown,0.1,Mpesa,Paid,Delivered,4.8,42,No,18-Jan-26,"Ksh3,781,000.00",,"Ksh149,000.00","Ksh126,000.00",13-Feb-26,"Ksh3,941,600.",1273,1,
Brian Maina,Ngo,52,Rift-Valley,Uasin Gishu,Eldoret,Eldoret,Faith Achieng,Walk In,Mazda,DEMIO,Hatchback,2023,Diesel,Automatic,Pearl,0.03,Mpesa,Paid,In Transit,4,,No,17-Jun-26,"Ksh948,000.00","Ksh1,185,000.00","Ksh141,000.00","Ksh159,000.00",10-Jul-26,"Ksh1,290,450.",1274,1,1290450
Grace Mutua,National Government,,Nairobi,Nairobi,Nairobi,Nairobi - Main,Kevin Mwangi,Facebook,Toyota,COROLLA,Sedan,2026,Petrol,Manual,Pearl,0.1,Bankers Cheque,Paid,Delivered,3.6,9,Yes,06-Feb-25,"Ksh1,648,000.00","Ksh1,668,604.00","Ksh114,000.00","Ksh120,000.00",17-Jun-25,"Ksh1,814,160.",1012,1,1615743.6
Kevin Nyambura,Corporate,,Nyanza,Kisumu,Kisumu,Kisumu,Mercy Atieno,Whatsapp,Subaru,IMPREZA,Sedan,2020,Petrol,Manual,Black,0.5,Asset Finance,Paid,Delivered,5,3,Yes,06-Jan-26,"Ksh1,538,000.00","Ksh1,871,000.00","Ksh25,000.00","Ksh52,000.00",02-Feb-26,"Ksh480,250.",1029,1,960500
Hassan Maina,Individual,48,Nairobi,Nairobi,Nairobi,Nairobi - Main,Peter Kiptoo,Referral,Toyota,PRADO,Suv,2020,Petrol,Manual,Red,0,Bankers Cheque,Paid,Delivered,2.5,29,Yes,,"Ksh5,654,000.00","Ksh6,760,000.00","Ksh70,000.00","Ksh86,000.00",26-Aug-25,"Ksh6,830,000.",1046,1,6830000
Daniel Kimani,Individual,,Coast,Mombasa,Mombasa,Mombasa,Peter Kiptoo,Facebook,Toyota,HARRIER,Suv,2025,Petrol,Manual,Black,,Asset Finance,Paid,Delivered,2.8,23,No,06-Mar-25,"Ksh4,086,000.00","Ksh4,823,000.00","Ksh152,000.00","Ksh136,000.00",,"Ksh4,733,850.",1051,1,
Daniel Achieng,Car Dealer,44,Western,Kakamega,Kakamega,Kakamega,Faith Achieng,Instagram,Honda,FIT,Hatchback,2023,Petrol,Manual,Red,0,Cash,Paid,Delivered,4.7,18,No,11-Feb-25,"Ksh1,219,000.00","Ksh1,424,000.00","Ksh149,000.00","Ksh171,000.00",13-Feb-25,"Ksh5,845,000.",1058,1,1573000
N/A,Car Dealer,32,Eastern,Machakos,Athi River,Athi River,Faith Achieng,Call,Volkswagen,GOLF,Hatchback,2016,Diesel,Manual,Black,0.15,Cash,Paid,Delivered,4.1,14,No,27-Feb-25,Ksh0.00,"Ksh1,944,000.00","Ksh104,000.00","Ksh143,000.00",25-Mar-25,"Ksh1,932,040.",1063,1,1756400
Samuel Njeri,Car Dealer,49,Western,Kakamega,Kakamega,Kakamega,Mercy Atieno,Instagram,Bmw,X-5,Suv,2023,Diesel,Manual,Pearl,0.02,Bankers Cheque,Paid,At The Yard,3.3,26,No,23-Dec-25,"Ksh7,362,000.00","Ksh9,573,000.00","Ksh155,000.00","Ksh230,000.00",13-Jan-26,"Ksh19,073,080.",1076,1,9536540
Faith Otieno,Individual,58,Rift-Valley,Uasin Gishu,Eldoret,Eldoret,Mercy Atieno,Call,Mitsubishi,OUTLANDER,Suv,2019,Petrol,Manual,Black,,Bank Transfer,Paid,Delivered,2.5,24,Unknown,04-Jun-25,"Ksh3,046,000.00","Ksh3,433,000.00","Ksh70,000.00","Ksh96,000.00",06-Jun-25,"Ksh3,434,340.",1088,1,
Winnie Achieng,Car Dealer,38,Western,Kakamega,Kakamega,Kakamega,Aisha Mohamed,Website,Subaru,FORESTER,Suv,2020,Petrol,Manual,Unknown,0.02,Bank Transfer,Paid,Delivered,3.5,24,No,29-Nov-25,"Ksh2,774,000.00","Ksh3,535,000.00","Ksh142,000.00","Ksh159,000.00",12-Dec-25,"Ksh3,966,930.",1092,1,3606300
Faith Muthoni,Corporate,42,Central,Kiambu,Thika,Thika,Brian Otieno,Walk In,Isuzu,N-SERIES,Truck,2016,Petrol,Manual,Green,0.03,Mpesa,Paid,Delivered,3.7,28,Unknown,31-Jul-25,"Ksh4,095,000.00","Ksh4,916,000.00","Ksh132,000.00","Ksh141,000.00",04-Aug-25,"Ksh4,900,520.",1123,1,4900520
Linda Achieng,National Government,22,Unknown,Kiambu,Thika,Thika,Kevin Mwangi,Facebook,Subaru,FORESTER,Suv,,Petrol,Unknown,Unknown,0.12,Cash,Paid,Delivered,2.6,26,No,23-Aug-25,"Ksh2,876,000.00","Ksh3,494,859.99","Ksh120,000.00","Ksh98,000.00",,"Ksh3,206,160.",1145,1,3195476.788
Unknown,Car Dealer,,Western,Kakamega,Kakamega,Kakamega,Brian Otieno,Instagram,Toyota,HIACE,Van,2025,Hybrid,Manual,Grey,0.07,Mpesa,Paid,At The Yard,,35,No,,"Ksh4,319,000.00","Ksh5,612,000.00","Ksh67,000.00","Ksh82,000.00",17-Sept-25,"Ksh5,286,160.",1178,1,5286160
John Kiptoo,Corporate,25,Rift-Valley,Nakuru,Nakuru,Nakuru,Samuel Mutua,Referral,Nissan,X-TRAIL,Suv,2020,Petrol,Manual,Green,0.1,Mpesa,Paid,In Transit,4,17,No,10-Mar-26,"Ksh2,506,000.00","Ksh3,164,000.00","Ksh33,000.00","Ksh60,000.00",04-Apr-26,"Ksh2,880,600.",1180,1,2880600
Kevin Nyambura,Individual,23,Rift-Valley,Uasin Gishu,Eldoret,Eldoret,Peter Kiptoo,Call,Toyota,PRADO,Suv,2017,Diesel,Manual,Black,0.1,Bankers Cheque,Paid,Delivered,4.2,28,No,11-Jan-25,"Ksh5,817,000.00","Ksh6,874,000.00","Ksh86,000.00","Ksh97,000.00",17-Jan-25,"Ksh1,019,653.33",1192,1,6272600
James Maina,Corporate,25,Rift-Valley,Nakuru,Nakuru,Nakuru,Faith Achieng,Facebook,Honda,FIT,Hatchback,2015,Petrol,Manual,Blue,0.02,Bank Transfer,Paid,Delivered,2.4,41,No,05-Apr-26,,"Ksh1,341,300.00","Ksh160,000.00",,07-Apr-26,"Ksh1,409,500.",1206,1,1474474
Kevin Otieno,County Government,28,Rift-Valley,Uasin Gishu,Eldoret,Eldoret,Samuel Mutua,Call,Honda,VEZEL,Crossover,2015,Diesel,Manual,White,0.15,Bankers Cheque,Paid,In Transit,4.3,0,No,24-Sept-25,"Ksh2,483,000.00","Ksh2,755,000.00","Ksh40,000.00","Ksh73,000.00",24-Oct-25,"Ksh1,190,875.",1210,1,2381750
Aisha Omondi,Individual,42,Western,Kakamega,Kakamega,Kakamega,Brian Otieno,Website,Toyota,HARRIER,Suv,2015,Hybrid,Manual,Grey,0.15,Asset Finance,Paid,Delivered,4.4,27,No,17-Jan-25,"Ksh3,540,000.00","Ksh3,937,000.00","Ksh92,000.00","Ksh99,174.78",24-Jan-25,"Ksh3,782,295.",1221,1,3438450
Joseph Otieno,Individual,67,Nyanza,Kisumu,Kisumu,Kisumu,Peter Kiptoo,Corporate Tender,Honda,CR-V,Suv,2024,Petrol,Manual,Grey,0.1,Bankers Cheque,Paid,Delivered,3.1,4,No,14-May-26,"Ksh3,370,000.00","Ksh4,408,000.00","Ksh98,000.00","Ksh93,000.00",18-May-26,"Ksh4,065,200.",1236,1,4065200
John Achieng,Individual,41,Coast,Mombasa,Mombasa,Mombasa,Samuel Mutua,Call,Volkswagen,GOLF,Hatchback,2025,Petrol,Manual,Silver,0.02,Bankers Cheque,Paid,Delivered,5,20,Yes,15-Jan-25,"Ksh1,730,000.00","Ksh1,927,000.00","Ksh152,000.00",,05-May-25,"Ksh2,040,000.",1252,1,2040460
Carol Ochieng,National Government,42,Western,Kakamega,Kakamega,Kakamega,Samuel Mutua,Website,Toyota,FIELDER,Wagon,2018,Petrol,Automatic,Red,0.03,Bankers Cheque,Pending,In Transit,2.6,,No,15-Feb-26,"Ksh1,661,000.00","Ksh1,840,000.00","Ksh88,000.00","Ksh118,000.00",25-Feb-26,"Ksh1,872,800.",1004,1,1872800
James Muthoni,National Government,48,Central,Kiambu,Thika,Thika,Faith Achieng,Instagram,Nissan,JUKE,Crossover,2026,Petrol,Automatic,Pearl,0,Asset Finance,Pending,Delivered,2.5,10,Unknown,20-Oct-25,"Ksh1,847,000.00","Ksh2,166,000.00","Ksh80,000.00","Ksh100,000.00",27-Oct-25,"Ksh2,244,000.",1007,1,2246000
Kevin Mwangi,Individual,63,Rift-Valley,Nakuru,Nakuru,Nakuru,Kevin Mwangi,Walk In,Toyota,LANDCRUISER,Suv,2023,Petrol,Automatic,Green,0.12,Mpesa,Pending,In Transit,3.5,29,No,02-Dec-25,"Ksh10,535,000.00","Ksh13,290,000.00",Ksh0.00,,15-Feb-25,"Ksh11,794,600.",1018,1,11695200
Peter Mohamed,National Government,46,Coast,Mombasa,Mombasa,Mombasa,Peter Kiptoo,Facebook,Toyota,PRADO,Suv,,Petrol,Automatic,Pearl,0.15,Bank Transfer,Partially Paid,In Transit,2.2,11,No,08-Nov-25,"Ksh5,411,000.00","Ksh6,472,000.00","Ksh93,000.00","Ksh127,000.00",,"Ksh11,188,400.",1021,1,5594200
Carol Kariuki,Car Dealer,55,Central,Kiambu,Thika,Thika,Mercy Atieno,Walk In,Mercedes-Benz,GLE,Suv,2020,Petrol,Automatic,Green,0.05,Cash,Partially Paid,Delivered,2,37,No,10-Jan-25,"Ksh10,456,000.00","Ksh12,472,000.00","Ksh66,000.00","Ksh86,000.00",23-Jan-25,"Ksh11,914,400.",1022,1,11914400
Hassan Maina,County Government,42,Nairobi,Nairobi,Westlands,Nairobi - Main,Brian Otieno,Website,Toyota,COROLLA,Sedan,2021,Diesel,Manual,White,0,Asset Finance,Refunded,At The Yard,3.7,24,Yes,11-Apr-26,"Ksh1,656,348.30","Ksh1,946,000.00","Ksh120,000.00","Ksh190,000.00",08-May-26,Ksh0.,1024,1,2066000
Kevin Chebet,Individual,43,Coast,Mombasa,Mombasa,Mombasa,Samuel Mutua,Whatsapp,Mazda,AXELA,Sedan,2023,Diesel,Automatic,Silver,0.03,Loan,Cancelled,Cancelled,,19,No,10-Jul-25,"Ksh1,735,000.00","Ksh1,917,000.00","Ksh35,000.00","Ksh77,000.00",14-Jul-25,"Ksh1,894,490.",1033,1,1894490
Faith Otieno,Individual,53,Central,Kiambu,Thika,Thika,Aisha Mohamed,Whatsapp,Nissan,X-TRAIL,Suv,2026,Petrol,Automatic,Red,0.15,Cash,Pending,Delivered,2.1,1,No,05-Jan-25,,"Ksh3,604,000.00","Ksh104,000.00","Ksh89,000.00",24-Jan-25,"Ksh3,167,400.",1037,1,3167400
Mercy Mugambi,National Government,,Nyanza,Kisumu,Kisumu,Kisumu,Samuel Mutua,Whatsapp,Subaru,OUTBACK,Wagon,2020,Hybrid,Automatic,Silver,0,Mpesa,Partially Paid,Delivered,4.7,24,Yes,08-Jan-26,"Ksh3,467,000.00","Ksh4,199,000.00","Ksh68,000.00","Ksh73,000.00",15-Jan-26,"Ksh4,267,000.",1038,1,4267000
Kevin Kimani,National Government,68,Western,Kakamega,Kakamega,Kakamega,Mercy Atieno,Walk In,Subaru,XV,Crossover,2026,Petrol,Automatic,Pearl,0.03,Bank Transfer,Cancelled,Cancelled,2.3,40,No,11-Apr-25,"Ksh2,388,000.00",,"Ksh146,000.00","Ksh129,000.00",02-May-25,Ksh0.,1039,1,
Daniel Otieno,Ngo,27,Central,Kiambu,Thika,Thika,Grace Njeri,Corporate Tender,Mazda,CX-5,Suv,2016,Diesel,Manual,Blue,0.02,Cash,Pending,Delivered,2.1,24,No,18-Oct-25,"Ksh3,299,000.00","Ksh197,039.57","Ksh31,000.00","Ksh59,000.00",13-Nov-25,"Ksh3,702,080.",1044,1,224098.7822
Mercy Ochieng,National Government,59,Western,Kakamega,Kakamega,Kakamega,Grace Njeri,Website,Nissan,NAVARA,Pickup,2017,Petrol,Manual,Black,0.05,Bankers Cheque,Refunded,Delivered,4.6,2,No,09-Sept-25,"Ksh4,089,000.00","Ksh4,654,000.00","Ksh134,000.00","Ksh184,000.00",14-Sept-25,Ksh0.,1050,1,4555300
Hassan Kimani,Car Dealer,35,Central,Kiambu,Thika,Thika,Brian Otieno,Facebook,Toyota,HARRIER,Suv,2016,Petrol,Automatic,Silver,0.05,Mpesa,Pending,In Transit,3.6,12,Yes,16-May-26,"Ksh4,186,000.00","Ksh4,994,000.00","Ksh70,000.00","Ksh89,000.00",20-May-26,"Ksh4,814,300.",1052,1,4814300
Joseph Mugambi,Ngo,57,Nyanza,Kisumu,Kisumu,Kisumu,Mercy Atieno,Walk In,Volkswagen,TIGUAN,Suv,2019,Petrol,Automatic,White,0.12,Mpesa,Cancelled,Cancelled,2.1,34,No,11-Dec-25,"Ksh3,477,000.00","Ksh4,093,000.00","Ksh138,000.00","Ksh104,000.00",23-Dec-25,Ksh0.,1055,1,3739840
Daniel Achieng,Retail,63,Western,Kakamega,Kakamega,Kakamega,Faith Achieng,Whatsapp,Honda,FIT,Hatchback,2026,Petrol,Manual,Silver,0.1,Bankers Cheque,Pending,Delivered,2.5,23,Yes,25-Jan-25,"Ksh1,123,000.00","Ksh1,337,000.00","Ksh36,000.00","Ksh78,000.00",06-Feb-25,"Ksh1,332,890.",1057,1,1239300
James Kiptoo,National Government,55,Eastern,Machakos,Athi River,Athi River,Peter Kiptoo,Instagram,Mercedes-Benz,GLE,Suv,null,Petrol,Manual,Silver,0,Mpesa,Pending,At The Yard,2.6,6,No,,"Ksh10,733,000.00","Ksh11,796,026.27","Ksh41,000.00","Ksh60,000.00",03-Apr-25,"Ksh11,878,000.",1062,1,11837026.27
Faith Achieng,National Government,23,Western,Kakamega,Kakamega,Kakamega,Daniel Kimani,Call,Toyota,FIELDER,Wagon,2026,Diesel,Manual,White,0,Loan,Pending,Delivered,3.5,42,No,04-Mar-26,"Ksh1,712,000.00","Ksh1,965,000.00","Ksh121,000.00","Ksh120,000.00",08-Mar-26,"Ksh2,086,000.",1067,1,2086000
Daniel Kimani,Individual,29,Central,Kiambu,Thika,Thika,Mercy Atieno,Walk In,Toyota,COROLLA,Sedan,2020,Petrol,Automatic,Silver,0.05,Bank Transfer,Pending,Delayed,4.7,8,No,01-Jan-25,"Ksh1,523,000.00","Ksh1,988,280.00",,"Ksh140,000.00",31-Jan-25,"Ksh1,916,500.",1068,1,
Hassan Omondi,Corporate,35,Rift-Valley,Nakuru,Nakuru,Nakuru,Grace Njeri,Facebook,Subaru,FORESTER,Suv,2018,Hybrid,Automatic,White,0.02,Bank Transfer,Pending,In Transit,4.7,,Yes,08-Jul-25,"Ksh3,012,000.00","Ksh3,760,000.00","Ksh132,000.00",,11-Jul-25,"Ksh3,816,800.",1073,1,3816800
Naomi Chebet,National Government,58,Western,Kakamega,Kakamega,Kakamega,Mercy Atieno,Referral,Mercedes-Benz,C200,Sedan,2021,Petrol,Automatic,Blue,0.1,Mpesa,Partially Paid,Delayed,4.6,10,No,11-Mar-26,"Ksh4,065,000.00","Ksh4,549,000.00","Ksh121,000.00",,,"Ksh4,215,100.",1079,1,4215100
Joy Wanjiku,Individual,51,Coast,Mombasa,Mombasa,Mombasa,Aisha Mohamed,Whatsapp,Toyota,PRADO,Suv,2021,Petrol,Automatic,Blue,0.2,Cash,Pending,Delivered,4.5,19,Yes,21-Jun-25,"Ksh5,443,000.00","Ksh7,151,000.00","Ksh131,000.00","Ksh164,000.00",21-Jul-25,,1094,1,5851800
Linda Wanjiku,Ngo,44,Nairobi,Nairobi,Nairobi,Nairobi - Main,Brian Otieno,Tender,Subaru,IMPREZA,Saloon,2024,Hybrid,Automatic,Pearl,0.15,Bankers Cheque,Partially Paid,Cancelled,3.9,6,Yes,13-May-25,"Ksh1,452,000.00","Ksh1,728,000.00","Ksh153,000.00","Ksh175,000.00",19-May-25,"Ksh810,900.",1096,1,1621800
Peter Nyambura,Company,27,Rift-Valley,Uasin Gishu,Eldoret,Eldoret,Brian Otieno,Instagram,Toyota,HARRIER,Suv,2020,Petrol,Automatic,Silver,0.05,Bank Transfer,Pending,At The Yard,4,21,Yes,11-Mar-26,"Ksh3,268,871.50","Ksh4,049,000.00","Ksh60,000.00","Ksh105,000.00",28-Mar-26,"Ksh3,906,550.",1106,1,3906550
Kevin Mohamed,Car Dealer,51,Nairobi,Nairobi,Nairobi,Nairobi - Main,Grace Njeri,Walk In,Toyota,HILUX,Pickup,2018,Petrol,Automatic,White,,Loan,Partially Paid,Delivered,3,34,No,05-Mar-25,"Ksh4,313,000.00","Ksh4,894,000.00","Ksh160,000.00","Ksh114,000.00",30-Mar-25,"Ksh4,319,900.",1109,1,
Aisha Wafula,National Government,45,Rift-Valley,Nakuru,Nakuru,Nakuru,Aisha Mohamed,Call,Toyota,FIELDER,Wagon,2025,Petrol,Automatic,Grey,0,Cash,Pending,Delivered,4.7,10,No,16-Mar-26,"Ksh1,669,000.00","Ksh1,876,000.00","Ksh90,472.03","Ksh119,000.00",09-Apr-26,"Ksh1,962,000.",1117,1,1966472.026
Kevin Mutua,Corporate,,Nyanza,Kisumu,Kisumu,Kisumu,Aisha Mohamed,Walk In,Toyota,HIACE,Van,2026,Hybrid,Manual,White,0.05,Bankers Cheque,Partially Paid,In Transit,2.1,3,No,08-Mar-26,"Ksh4,030,000.00","Ksh5,054,000.00","Ksh177,000.00","Ksh133,000.00",04-Apr-26,"Ksh4,978,300.",1124,1,4978300
James Kariuki,Ngo,67,Central,Kiambu,Thika,Thika,Samuel Mutua,Referral,Mitsubishi,CANTER,Truck,2020,Hybrid,Automatic,White,0.03,Bank Transfer,Pending,Delivered,2.5,5,No,08-Mar-26,"Ksh3,151,000.00","Ksh3,544,000.00","Ksh130,000.00",,17-Mar-26,"Ksh3,565,680.",1125,1,3567680
Unknown,Car Dealer,49,Nyanza,Kisumu,Kisumu,Kisumu,Daniel Kimani,Facebook,Toyota,HARRIER,Suv,2023,Petrol,Automatic,Pearl,0.12,Asset Finance,Pending,Delivered,4.4,1,No,13-Sept-25,"Ksh4,189,000.00","Ksh4,807,000.00","Ksh105,000.00","Ksh121,000.00",29-Sept-25,"Ksh4,335,160.",1126,1,4335160
Samuel Ochieng,National Government,62,Rift-Valley,Nakuru,Nakuru,Nakuru,Samuel Mutua,Walk In,Toyota,HARRIER,Suv,2022,Diesel,Automatic,Silver,0.12,Cash,Partially Paid,In Transit,3.6,1,No,19-Jun-26,,"Ksh4,862,000.00","Ksh125,000.00","Ksh160,000.00",11-Jul-26,"Ksh4,403,560.",1137,1,4403560
John Nyambura,Corporate,29,Central,Kiambu,Thika,Thika,Brian Otieno,Instagram,Bmw,X-5,Suv,,Diesel,Automatic,Blue,0.07,Cash,Pending,Delivered,4.8,26,No,27-Feb-25,"Ksh8,082,000.00","Ksh10,397,882.51","Ksh150,000.00","Ksh178,000.00",18-Mar-25,"Ksh9,853,620.",1142,1,9820030.732
Joseph Mwangi,Ngo,,Central,Kiambu,Thika,Thika,Mercy Atieno,Walk In,Toyota,AXIO,Sedan,2017,Hybrid,Automatic,Blue,0.12,Mpesa,Partially Paid,Delivered,3.8,32,Yes,11-Apr-25,"Ksh1,489,000.00","Ksh1,651,000.00","Ksh90,000.00","Ksh114,000.00",06-May-25,"Ksh1,542,880.",1144,1,1542880
John Njeri,Individual,,Nyanza,Kisumu,Kisumu,Kisumu,Mercy Atieno,Walk In,Mitsubishi,PAJERO,Suv,2018,Petrol,Manual,Black,0.2,Cash,Pending,Cancelled,3.5,34,No,20-Feb-26,"Ksh4,424,000.00","Ksh5,101,000.00","Ksh80,000.00","Ksh124,000.00",27-Feb-26,"Ksh4,160,800.",1148,1,4160800
John Otieno,Ngo,64,Rift-Valley,Nakuru,Nakuru,Nakuru,Grace Njeri,Facebook,Mitsubishi,PAJERO,Suv,,Hybrid,Automatic,Pearl,0.05,Bank Transfer,Refunded,Delivered,2.6,10,Unknown,20-Mar-25,"Ksh4,970,000.00","Ksh5,553,000.00","Ksh84,000.00","Ksh99,000.00",17-Apr-25,"Ksh5,359,350.",1151,1,5359350
Winnie Njeri,Car Dealer,63,Eastern,Machakos,Mlolongo,Athi River,Aisha Mohamed,Facebook,Mitsubishi,CANTER,Truck,2016,Petrol,Automatic,Green,0.15,Bank Transfer,Cancelled,Cancelled,3.5,37,No,,"Ksh3,534,000.00","Ksh4,338,000.00","Ksh119,000.00","Ksh130,000.00",24-Jul-25,Ksh0.,1152,1,3806300
Mary Mohamed,Car Dealer,53,Eastern,Machakos,Athi River,Athi River,Peter Kiptoo,Walk In,Honda,VEZEL,Crossover,,Electric,Manual,White,0.05,Bank Transfer,Pending,Delivered,2.8,32,Yes,21-Aug-25,"Ksh2,350,000.00","Ksh2,601,000.00","Ksh68,000.00","Ksh103,000.00",30-Aug-25,"Ksh2,538,950.",1153,1,2538950
John Mutua,Corporate,68,Rift-Valley,Nakuru,Nakuru,Nakuru,Samuel Mutua,Website,Mitsubishi,CANTER,Truck,2025,Petrol,Automatic,Black,0.1,Bankers Cheque,Cancelled,Delivered,2.8,25,Yes,28-Mar-25,"Ksh3,218,000.00","Ksh3,561,000.00","Ksh164,000.00","Ksh233,000.00",16-Apr-25,"Ksh3,368,900.",1156,1,3368900
James Wafula,Individual,,Coast,Mombasa,Mombasa,Mombasa,Mary Wanjiku,Call,Nissan,JUKE,Crossover,2021,Petrol,Automatic,White,0.1,Bankers Cheque,Partially Paid,Delivered,5,27,No,13-Jun-25,"Ksh1,592,000.00",,"Ksh163,000.00","Ksh157,800.00",16-Jun-25,"Ksh1,757,800.",1157,1,
Carol Ochieng,Ngo,51,Rift-Valley,Nakuru,Nakuru,Nakuru,Grace Njeri,Whatsapp,Mitsubishi,PAJERO,Suv,2023,Hybrid,Automatic,Black,0.05,Bank Transfer,Partially Paid,Delivered,2.6,4,No,20-Aug-25,"Ksh3,919,000.00","Ksh4,579,000.00","Ksh138,000.00","Ksh189,000.00",31-Aug-25,"Ksh4,936,855.",1158,1,4488050
Peter Maina,Individual,41,Rift-Valley,Nakuru,Nakuru,Nakuru,Daniel Kimani,Facebook,Toyota,COROLLA,Saloon,2017,Hybrid,Manual,White,0.07,Asset Finance,Cancelled,Cancelled,2.8,41,No,11-Oct-25,"Ksh1,830,000.00","Ksh2,147,000.00","Ksh88,000.00","Ksh69,000.00",,"Ksh2,084,709.",1162,1,2084710
Peter Wanjiku,Ngo,,Western,Kakamega,Kakamega,Kakamega,Mercy Atieno,Website,Subaru,FORESTER,Suv,2024,Hybrid,Automatic,Black,0.25,Cash,Pending,Delivered,2.5,32,No,24-Jun-25,"Ksh2,814,000.00","Ksh3,391,000.00","Ksh38,000.00","Ksh85,000.00",15-Jul-25,"Ksh2,581,250.",1163,1,2581250
James Kiptoo,Individual,48,Eastern,Machakos,Athi River,Athi River,Aisha Mohamed,Call,Volkswagen,GOLF,Hatchback,2020,Electric,Automatic,Silver,0.07,Bankers Cheque,Unpaid,Delivered,4.8,34,No,15-Mar-26,"Ksh1,994,000.00","Ksh2,444,000.00","Ksh16,000.00","Ksh22,583.98",02-Apr-26,"Ksh2,288,920.",1165,1,2288920
Grace Kimani,Ngo,32,Central,Kiambu,Thika,Thika,Kevin Mwangi,Instagram,Toyota,HARRIER,Suv,,Hybrid,Manual,Pearl,0.05,Bankers Cheque,Pending,Delivered,4.7,33,Unknown,09-Nov-25,"Ksh4,499,000.00","Ksh5,067,000.00","Ksh168,000.00","Ksh150,000.00",26-Sept-25,"Ksh4,981,650.",1167,1,4981650
Faith Wafula,National Government,45,Western,Kakamega,Kakamega,Kakamega,Brian Otieno,Referral,Nissan,JUKE,Crossover,2025,Electric,Manual,Blue,0,Bankers Cheque,Pending,Delivered,4.6,28,No,21-Dec-25,"Ksh1,798,000.00","Ksh2,200,000.00","Ksh130,000.00","Ksh127,000.00",04-Jan-26,,1170,1,2330000
Aisha Mohamed,Ngo,38,Nairobi,Nairobi,Nairobi,Nairobi - Main,Faith Achieng,Instagram,Toyota,COROLLA,Sedan,2025,Hybrid,Automatic,White,0.12,Mpesa,Refunded,At The Yard,2,12,Yes,10-Jun-26,"Ksh1,785,000.00","Ksh2,108,208.00","Ksh140,000.00","Ksh155,000.00",06-Dec-26,Ksh0.,1171,1,1995223.04
James Wafula,Corporate,,Eastern,Machakos,Athi River,Athi River,Mary Wanjiku,Instagram,Mazda,AXELA,Sedan,2024,Hybrid,Automatic,White,0.1,Mpesa,Cancelled,Cancelled,3.4,16,No,20-Dec-25,"Ksh1,520,000.00","Ksh1,899,000.00",,"Ksh52,000.00",30-Dec-25,"Ksh1,935,020.",1177,1,
John Kiptoo,National Government,42,Western,Kakamega,Kakamega,Kakamega,Peter Kiptoo,Instagram,Toyota,LANDCRUISER,Suv,2017,Diesel,Automatic,Black,0.05,Asset Finance,Unpaid,Delivered,4.4,38,Yes,03-Apr-26,"Ksh10,364,000.00","Ksh639,405.60","Ksh179,000.00","Ksh152,000.00",10-Apr-26,"Ksh11,727,200.",1182,1,786435.32
John Kariuki,National Government,23,Central,Kiambu,Thika,Thika,Brian Otieno,Call,Subaru,OUTBACK,Wagon,2020,Hybrid,Automatic,Grey,0.1,Mpesa,Partially Paid,Delayed,4.7,13,No,04-Jan-26,"Ksh3,574,000.00","Ksh4,175,000.00","Ksh109,000.00",,18-Jan-26,"Ksh3,866,500.",1183,1,3866500
Mercy Kariuki,Individual,47,Nairobi,Nairobi,Embakasi,Nairobi - Main,Grace Njeri,Instagram,Mitsubishi,CANTER,Truck,2025,Petrol,Automatic,Silver,0.07,Asset Finance,Pending,At The Yard,3.9,26,Yes,14-Feb-26,"Ksh3,247,000.00","Ksh3,661,000.00","Ksh140,000.00","Ksh159,000.00",,"Ksh3,540,730.",1185,1,3544730
Aisha Mugambi,Individual,25,Rift-Valley,Uasin Gishu,Eldoret,Eldoret,Mary Wanjiku,Whatsapp,Honda,FIT,Hatchback,2023,Petrol,Automatic,Silver,0.03,Bank Transfer,Partially Paid,Delivered,2.3,31,No,06-May-26,"Ksh1,126,000.00","Ksh1,343,000.00","Ksh64,000.00","Ksh61,000.00",25-May-26,"Ksh1,366,710.",1187,1,1366710
Kevin Otieno,National Government,26,Nairobi,Nairobi,Nairobi,Nairobi - Main,Faith Achieng,Corporate Tender,Mercedes-Benz,C200,Sedan,2021,Diesel,Automatic,White,0.03,Mpesa,Cancelled,In Transit,3.7,10,No,01-Sept-25,"Ksh4,789,000.00","Ksh5,620,000.00","Ksh32,000.00",,09-Nov-25,Ksh0.,1188,1,5483400
Hassan Omondi,Car Dealer,55,Central,Kiambu,Thika,Thika,Daniel Kimani,Referral,Nissan,NAVARA,Pickup,2023,Petrol,Automatic,Unknown,0.07,Asset Finance,Partially Paid,In Transit,3,33,No,28-Dec-25,"Ksh3,891,000.00","Ksh4,661,000.00","Ksh18,000.00","Ksh32,000.00",22-Jan-26,"Ksh4,350,000.",1190,1,4352730
Grace Otieno,Individual,58,Rift-Valley,Nakuru,Nakuru,Nakuru,Grace Njeri,Corporate Tender,Honda,FIT,Hatchback,2026,Petrol,Automatic,Green,0.05,Bank Transfer,Cancelled,Cancelled,1,21,Yes,27-Nov-25,"Ksh1,277,000.00","Ksh1,458,000.00","Ksh142,000.00","Ksh223,000.00",19-Dec-25,Ksh0.,1191,1,1527100
Mercy Kariuki,Car Dealer,,Central,Kiambu,Thika,Thika,Grace Njeri,Website,Toyota,LANDCRUISER,Suv,,Petrol,Manual,Grey,,Mpesa,Partially Paid,Delivered,3.6,15,No,06-Apr-25,"Ksh9,382,000.00","Ksh122,420,000.00","Ksh170,000.00",,18-Apr-25,"Ksh2,283,399.",1193,1,
Hassan Mwangi,Individual,57,Nairobi,Nairobi,Nairobi,Nairobi - Main,Faith Achieng,Instagram,Honda,VEZEL,Crossover,2026,Petrol,Automatic,Grey,0.12,Mpesa,Cancelled,Cancelled,2.7,0,No,27-Oct-25,"Ksh2,401,000.00","Ksh3,028,000.00","Ksh23,000.00","Ksh60,000.00",,,1199,1,2687640
Carol Maina,Retail,,Rift-Valley,Uasin Gishu,Eldoret,Eldoret,Brian Otieno,Unknown,Mitsubishi,OUTLANDER,Suv,,Petrol,Unknown,Black,0.12,Asset Finance,Pending,Delayed,3.4,11,Unknown,25-Apr-25,"Ksh2,250,362.40","Ksh3,367,000.00","Ksh146,000.00","Ksh201,000.00",,"Ksh3,419,856.",1209,1,3108960
Mary Wanjiku,National Government,56,Rift-Valley,Uasin Gishu,Eldoret,Eldoret,Grace Njeri,Walk In,Toyota,AXIO,Sedan,2016,Hybrid,Automatic,Pearl,0.1,Bankers Cheque,Pending,At The Yard,3.7,20,No,09-May-25,"Ksh1,638,000.00","Ksh1,875,000.00","Ksh48,000.00",,07-Jun-25,"Ksh1,055,250.",1218,1,1735500
James Muthoni,Ngo,25,Nairobi,Nairobi,Nairobi,Nairobi - Main,Faith Achieng,Corporate Tender,Mitsubishi,CANTER,Truck,2026,Petrol,Automatic,Green,0.05,Mpesa,Cancelled,Cancelled,4.7,35,No,03-May-26,"Ksh3,125,000.00","Ksh3,779,000.00",,"Ksh94,000.00",25-May-26,Ksh0.,1223,1,
Winnie Njeri,Car Dealer,58,Nairobi,Nairobi,Nairobi,Nairobi - Main,Kevin Mwangi,Website,Toyota,HARRIER,Suv,2025,Diesel,Manual,White,0.12,Asset Finance,Refunded,In Transit,2.5,1,Yes,09-Mar-26,"Ksh3,684,000.00","Ksh4,102,000.00","Ksh83,000.00","Ksh98,000.00",28-Apr-26,"Ksh737,399.",1224,1,3692760
Naomi Wanjiku,Individual,48,Western,Kakamega,Kakamega,Kakamega,Mary Wanjiku,Instagram,Mazda,ATENZA,Sedan,2016,Petrol,Automatic,Silver,0.07,Bank Transfer,Partially Paid,Delivered,2.6,5,No,13-Apr-26,"Ksh2,387,000.00","Ksh2,671,000.00","Ksh72,000.00","Ksh76,000.00",,"Ksh2,556,030.",1226,1,2556030
Peter Mutua,Individual,65,Rift-Valley,Nakuru,Nakuru,Nakuru,Brian Otieno,Whatsapp,Toyota,HARRIER,Suv,2026,Petrol,Automatic,Blue,0.12,Bank Transfer,Pending,Delivered,4.2,27,Yes,01-Jul-25,"Ksh3,843,000.00","Ksh4,445,000.00","Ksh46,000.00","Ksh52,000.00",07-Jul-25,"Ksh3,957,600.",1228,1,3957600
John Mugambi,Car Dealer,55,Central,Kiambu,Thika,Thika,Brian Otieno,Referral,Isuzu,N-SERIES,Truck,2015,Petrol,Automatic,White,0.05,Bankers Cheque,Pending,Delivered,3.6,38,No,12-May-25,"Ksh3,640,000.00","Ksh4,783,000.00","Ksh109,542.58","Ksh146,000.00",19-May-25,"Ksh4,653,850.",1231,1,4653392.579
Faith Mwangi,Individual,67,Western,Kakamega,Kakamega,Kakamega,Daniel Kimani,Facebook,Subaru,XV,Crossover,2017,Petrol,Automatic,Black,0.07,Bank Transfer,Cancelled,Delivered,6,13,Yes,16-May-25,"Ksh1,831,000.00",,"Ksh84,000.00","Ksh73,000.00",19-May-25,Ksh0.,1232,1,
Kevin Wanjiku,Ngo,27,Nyanza,Kisumu,Kisumu,Kisumu,Brian Otieno,Website,Toyota,FIELDER,Wagon,2015,Petrol,Automatic,Black,0,Cash,Cancelled,Delivered,4.3,39,Yes,28-Aug-25,"Ksh1,675,000.00","Ksh1,880,000.00","Ksh15,000.00","Ksh14,000.00",23-Sept-25,Ksh0.,1233,1,1895000
Victor Kiptoo,National Government,66,Rift-Valley,Uasin Gishu,Eldoret,Eldoret,Grace Njeri,Call,Bmw,320I,Sedan,2019,Hybrid,Automatic,Unknown,0.07,Bankers Cheque,Cancelled,Cancelled,3.6,12,Yes,16-Oct-25,"Ksh3,511,000.00","Ksh4,279,000.00","Ksh31,000.00","Ksh42,000.00",15-Nov-25,,1242,1,4010470
Daniel Mwangi,Ngo,36,Coast,Mombasa,Mombasa,Mombasa,Brian Otieno,Call,Toyota,FIELDER,Wagon,2016,Hybrid,Automatic,Red,0.02,Mpesa,Pending,Cancelled,4.9,17,No,19-Apr-26,"Ksh1,335,000.00","Ksh1,730,000.00","Ksh56,000.00",,06-May-26,"Ksh1,755,320.",1245,1,1751400
Hassan Wanjiku,Car Dealer,57,Nairobi,Nairobi,Nairobi,Nairobi - Main,Brian Otieno,Referral,Bmw,320I,Sedan,2016,Diesel,Manual,Pearl,0.1,Bankers Cheque,Cancelled,Cancelled,,12,No,26-Oct-25,"Ksh3,923,000.00","Ksh4,349,000.00","Ksh40,000.00","Ksh65,000.00",,Ksh0.,1250,1,3954100
Peter Maina,Corporate,,Nyanza,Kisumu,Kisumu,Kisumu,Daniel Kimani,Corporate Tender,Nissan,X-TRAIL,Suv,2020,Petrol,Manual,Pearl,0.5,Bank Transfer,Cancelled,Cancelled,4.1,12,Yes,27-Feb-25,"Ksh2,632,000.00",Ksh0.00,"Ksh18,000.00","Ksh26,000.00",18-Mar-25,Ksh0.,1254,1,18000
Naomi Otieno,Individual,57,Central,Kiambu,Thika,Thika,Faith Achieng,Referral,Toyota,HILUX,Pickup,2018,Petrol,Automatic,White,0.1,Mpesa,Partially Paid,In Transit,4.2,16,No,10-Apr-25,"Ksh5,461,000.00","Ksh6,132,000.00","Ksh137,000.00","Ksh103,000.00",30-Apr-25,"Ksh6,193,980.",1255,1,5655800
Faith Nyambura,Car Dealer,25,Rift-Valley,Nakuru,Nakuru,Nakuru,Grace Njeri,Referral,Toyota,PRADO,Suv,2016,Diesel,Automatic,White,0.1,Cash,Partially Paid,Delivered,2,28,Yes,21-Mar-25,"Ksh6,223,008.20","Ksh7,911,000.00","Ksh49,000.00","Ksh96,000.00",02-Apr-25,,1256,1,7168900
Daniel Mugambi,Car Dealer,,Eastern,Machakos,Athi River,Athi River,Mercy Atieno,Website,Mitsubishi,CANTER,Truck,2015,Petrol,Manual,Pearl,0.15,Cash,Pending,Delayed,2.1,0,No,29-May-25,"Ksh2,872,464.60","Ksh3,583,000.00",Ksh0.00,"Ksh83,000.00",,"Ksh1,538,737.1985",1257,1,3045550
Mary Omondi,Car Dealer,47,Western,Kakamega,Kakamega,Kakamega,Peter Kiptoo,Website,Toyota,FIELDER,Wagon,2023,Petrol,Manual,Green,0.15,Bank Transfer,Cancelled,Delivered,2.2,,Unknown,01-Dec-26,"Ksh1,697,000.00","Ksh1,990,000.00","Ksh142,000.00","Ksh144,000.00",20-Jan-26,Ksh0.,1258,1,1833500
Unknown,Ngo,65,Rift-Valley,Uasin Gishu,Eldoret,Eldoret,Aisha Mohamed,Walk In,Mazda,DEMIO,Hatchback,2020,Hybrid,Automatic,Pearl,0.15,Asset Finance,Partially Paid,Delivered,3.3,2,No,13-Apr-26,"Ksh931,000.00","Ksh1,183,000.00","Ksh18,000.00","Ksh54,000.00",22-Sept-25,"Ksh570,925.",1261,1,1023550
Hassan Mutua,Ngo,41,Nairobi,Nairobi,Nairobi,Nairobi - Main,Faith Achieng,Walk In,Bmw,X-5,Suv,2023,Petrol,Automatic,Red,0.05,Mpesa,Partially Paid,Delayed,,36,No,17-Dec-25,"Ksh8,010,000.00","Ksh511,324.63","Ksh21,000.00","Ksh35,000.00",06-Jan-26,"Ksh9,255,950.",1263,1,506758.395
Samuel Mugambi,Ngo,34,Coast,Mombasa,Mombasa,Mombasa,Mary Wanjiku,Referral,Mitsubishi,OUTLANDER,Suv,2024,Diesel,Automatic,Pearl,0.03,Asset Finance,Partially Paid,At The Yard,4.6,5,Yes,09-Jan-26,"Ksh2,880,000.00","Ksh3,750,000.00","Ksh137,812.03","Ksh160,000.00",29-Jan-26,,1268,1,3775312.026
Joy Wanjiku,Ngo,54,Nyanza,Kisumu,Kisumu,Kisumu,Mary Wanjiku,Walk In,Toyota,PRADO,Suv,2016,Petrol,Manual,Black,0.07,Cash,Paid,At The Yard,4.5,2,No,29-Aug-25,"Ksh6,986,000.00","Ksh8,136,000.00","Ksh39,000.00","Ksh56,000.00",30-Aug-25,"Ksh22,738,440.",1001,3,22738440
Kevin Maina,Car Dealer,44,Western,Kakamega,Kakamega,Kakamega,Aisha Mohamed,Whatsapp,Volkswagen,GOLF,Hatchback,2026,Petrol,Manual,Pearl,0.12,Bank Transfer,Cancelled,Cancelled,,18,No,14-Jan-25,"Ksh1,729,056.50","Ksh1,799,880.90","Ksh20,000.00","Ksh42,000.00",19-Jan-25,"Ksh1,627,199.",1008,2,3187790.387
Winnie Kiptoo,Non Profit,22,Central,Kiambu,Thika,Thika,Faith Achieng,Facebook,Mercedes-Benz,E-250,Saloon,2020,Diesel,Manual,Unknown,0.07,Cash,Partially Paid,Delayed,3.8,17,No,21-Feb-25,"Ksh5,980,000.00","Ksh6,770,000.00","Ksh174,000.00","Ksh207,000.00",10-May-25,"Ksh12,766,200.",1009,2,12766200
Brian Njeri,National Government,58,Nyanza,Kisumu,Kisumu,Kisumu,Kevin Mwangi,Referral,Isuzu,N-SERIES,Truck,2015,Petrol,Manual,Blue,,Asset Finance,Pending,Delivered,3,0,No,19-Jun-26,"Ksh4,954,000.00","Ksh5,980,000.00","Ksh17,000.00","Ksh30,868.65",15-Jul-26,"Ksh10,183,000.",1020,2,
Daniel Kiptoo,Ngo,46,Nyanza,Kisumu,Kisumu,Kisumu,Mary Wanjiku,Website,Toyota,LANDCRUISER,Suv,2019,Diesel,Manual,Grey,0.1,Mpesa,Pending,Delivered,4,22,No,29-Jun-25,"Ksh5,896,000.00","Ksh7,374,000.00","Ksh111,000.00","Ksh108,000.00",25-Jul-25,"Ksh18,914,700.",1035,3,20020800
Brian Ochieng,Corporate,59,Nairobi,Nairobi,Nairobi,Nairobi - Main,Mercy Atieno,Website,Mazda,ATENZA,Sedan,2025,Petrol,Manual,White,,Cash,Paid,At The Yard,4.4,6,Yes,26-Nov-25,"Ksh1,948,000.00","Ksh2,142,000.00","Ksh615,000.00","Ksh124,000.00",12-May-25,"Ksh3,485,823.04",1049,2,
James Muthoni,Individual,64,Eastern,Machakos,Athi River,Athi River,Aisha Mohamed,Walk In,Mitsubishi,CANTER,Truck,2023,Petrol,Manual,White,0.12,Bank Transfer,Paid,Delivered,5,34,Yes,06-Feb-26,"Ksh3,060,000.00",,"Ksh71,000.00","Ksh101,000.00",,"Ksh9,230,000.",1054,,
Grace Wanjiku,National Government,,Rift-Valley,Uasin Gishu,Eldoret,Eldoret,Faith Achieng,Referral,Honda,VEZEL,Crossover,2026,Petrol,Manual,Red,0.02,Bank Transfer,Paid,Delayed,3.5,20,Yes,05-Nov-25,"Ksh1,998,000.00","Ksh2,372,000.00","Ksh153,000.00","Ksh100,000.00",30-Nov-25,"Ksh4,802,120.",1093,2,4802120
Kevin Ochieng,National Government,,Nairobi,Nairobi,Nairobi,Nairobi - Main,Faith Achieng,Walk In,Volkswagen,TIGUAN,Suv,2025,Petrol,Manual,Grey,0.1,Bank Transfer,Paid,Delivered,2.7,44,No,21-Apr-25,"Ksh3,707,000.00","Ksh47,050,000.00","Ksh38,000.00","Ksh62,000.00",13-May-25,"Ksh12,741,500.",1095,3,127073000
Brian Mohamed,Individual,35,Central,Kiambu,Thika,Thika,Faith Achieng,Corporate Tender,Nissan,NAVARA,Pickup,2017,Petrol,Manual,White,0.1,Cash,Pending,In Transit,4.6,8,Yes,10-Jun-25,"Ksh3,778,000.00","Ksh3,789,768.90","Ksh162,000.00","Ksh159,000.00",07-Apr-25,"Ksh1,133,226.67",1111,2,6983584.023
James Omondi,Corporate,64,Western,Kakamega,Kakamega,Kakamega,Samuel Mutua,Referral,Toyota,COROLLA,Sedan,2017,Petrol,Manual,Black,0.15,Bankers Cheque,Pending,Yard,2.9,27,No,25-Jul-25,"Ksh1,533,000.00",,"Ksh47,000.00","Ksh35,000.00",04-Aug-25,"Ksh13,035,000.",1147,8,
Peter Ochieng,Corporate,27,Nyanza,Kisumu,Kisumu,Kisumu,Samuel Mutua,Walk In,Mazda,ATENZA,Sedan,2015,Diesel,Manual,Grey,0.05,Bank Transfer,Partially Paid,At The Yard,3.2,36,No,,"Ksh2,241,000.00","Ksh2,660,000.00","Ksh141,000.00","Ksh137,000.00",,"Ksh12,776,000.",1201,5,12776000
Linda Mutua,Ngo,62,Nairobi,Nairobi,Nairobi,Nairobi - Main,Mercy Atieno,Whatsapp,Nissan,NOTE,Hatchback,2026,Petrol,Manual,Red,0,Mpesa,Paid,In Transit,3,2,No,03-Jun-26,"Ksh932,000.00","Ksh1,250,827.97","Ksh19,000.00",,31-May-26,"Ksh2,400,000.",1230,2,2520655.947
James Maina,Corporate,67,Eastern,Machakos,Athi River,Athi River,Mercy Atieno,Referral,Mitsubishi,CANTER,Truck,2020,Diesel,Manual,Grey,0.02,Bank Transfer,Cancelled,Cancelled,3,14,No,18-Mar-26,"Ksh3,025,000.00","Ksh3,670,000.00","Ksh152,000.00","Ksh200,000.00",23-Mar-26,,1264,2,7345200
Mary Mutua,Corporate,22,Rift-Valley,Nakuru,Nakuru,Nakuru,Samuel Mutua,Corporate Tender,Isuzu,N-SERIES,Truck,2016,Petrol,Manual,Pearl,0,Cash,Cancelled,Cancelled,2.1,23,No,27-Apr-25,"Ksh5,364,000.00","Ksh5,963,000.00","Ksh34,000.00",,04-May-25,Ksh0.,1267,2,11960000
Carol Maina,Corporate,46,Western,Kakamega,Kakamega,Kakamega,Mary Wanjiku,Facebook,Toyota,PRADO,Suv,2016,Diesel,Automatic,Pearl,0.1,Asset Finance,Paid,Delayed,4.5,17,Unknown,19-Jan-26,"Ksh4,804,571.63","Ksh6,708,000.00","Ksh162,000.00","Ksh213,000.00",13-Feb-26,"Ksh9,140,000.",1002,3,18273600
Carol Mwangi,Company,27,Western,Kakamega,Kakamega,Kakamega,Samuel Mutua,Call,Isuzu,DMAX,Pickup,2023,Petrol,Automatic,Unknown,0.05,Cash,Pending,Delivered,4.6,1,Yes,17-Jan-25,"Ksh3,456,000.00","Ksh4,200,000.00","Ksh112,000.00","Ksh155,695.97",10-Feb-25,"Ksh10,419,387.7815",1006,3,12082000
Samuel Nyambura,Retail,53,Eastern,Machakos,Athi River,Athi River,Brian Otieno,Walk In,Toyota,HARRIER,Suv,null,Petrol,Automatic,Pearl,0.03,Bankers Cheque,Pending,Delivered,3.9,19,No,11-Oct-25,"Ksh3,990,000.00","Ksh4,721,000.00","Ksh103,000.00",,18-Oct-25,"Ksh9,261,740.",1013,2,9261740
Brian Mwangi,Car Dealer,47,Rift-Valley,Uasin Gishu,Eldoret,Eldoret,Grace Njeri,Walk In,Bmw,X-5,Suv,2021,Diesel,Automatic,White,0.05,Bank Transfer,Cancelled,Cancelled,4.2,9,Yes,14-May-26,"Ksh9,240,000.00","Ksh10,695,000.00","Ksh43,000.00","Ksh42,000.00",,Ksh0.,1014,3,30523750
Brian Kimani,National Government,,Western,Kakamega,Kakamega,Kakamega,Grace Njeri,Corporate Tender,Subaru,XV,Crossover,2023,Petrol,Automatic,Red,0.05,Mpesa,Paid,At The Yard,5,22,No,21-Apr-25,,"Ksh2,637,000.00",Ksh0.00,"Ksh37,000.00",19-May-25,"Ksh10,079,600.",1015,4,10020600
Brian Ochieng,Car Dealer,61,Rift-Valley,Nakuru,Nakuru,Nakuru,Mercy Atieno,Corporate Tender,Subaru,FORESTER,Suv,2018,Petrol,Automatic,Black,0.15,Bankers Cheque,Paid,Delivered,4,9,No,29-Jan-26,"Ksh2,480,000.00","Ksh3,220,000.00","Ksh17,000.00","Ksh30,000.00",23-Feb-26,"Ksh8,228,000.",1017,3,8228000
Joy Kariuki,N/A,24,Western,Kakamega,Kakamega,Kakamega,Faith Achieng,Whatsapp,Honda,FIT,Unknown,2026,Diesel,Automatic,Black,0.03,Mpesa,Paid,Unknown,,22,Yes,03-Aug-25,"Ksh844,209.60",,"Ksh39,000.00","Ksh42,000.00",28-Aug-25,"Ksh1,213,570.",1023,2,
N/A,Corporate,,Central,Kiambu,Thika,Thika,Faith Achieng,Call,Toyota,LANDCRUISER,Suv,2022,Petrol,Automatic,Green,0.15,Mpesa,Paid,Delivered,3.5,36,Yes,17-Oct-25,"Ksh12,287,652.00","Ksh11,827,915.00","Ksh86,000.00","Ksh137,000.00",30-Oct-25,"Ksh23,367,500.",1027,2,20193455.5
Null,County Government,,Western,Kakamega,Kakamega,Kakamega,Brian Otieno,Website,Honda,FIT,Hatchback,2020,Petrol,Automatic,Blue,,Cash,Partially Paid,Delivered,3.7,44,Yes,27-May-26,"Ksh1,010,000.00","Ksh1,242,000.00","Ksh155,000.00","Ksh206,206.00",06-Jun-26,"Ksh8,588,180.",1030,7,
James Kiptoo,National Government,25,Rift-Valley,Uasin Gishu,Eldoret,Eldoret,Mercy Atieno,Whatsapp,Honda,FIT,Hatchback,2026,Petrol,Automatic,Unknown,0.05,Mpesa,Paid,Delivered,4.3,8,No,26-Jan-26,"Ksh1,246,000.00","Ksh1,441,000.00","Ksh29,000.00","Ksh36,000.00",28-Jan-26,"Ksh4,135,850.",1032,3,4135850
Grace Kimani,Ngo,56,Eastern,Machakos,Athi River,Athi River,Mary Wanjiku,Whatsapp,Toyota,HARRIER,Suv,2020,Diesel,Automatic,Grey,0.07,Mpesa,Partially Paid,Delivered,4.6,41,No,16-Mar-25,"Ksh3,872,000.00","Ksh5,252,635.97","Ksh89,000.00","Ksh141,000.00",15-Apr-25,"Ksh14,020,000.",1036,3,14743854.37
Victor Kiptoo,Ngo,42,Rift-Valley,Uasin Gishu,Eldoret,Eldoret,Aisha Mohamed,Call,Mazda,DEMIO,Hatchback,2025,Petrol,Automatic,Blue,0,Asset Finance,Partially Paid,Delivered,4.9,35,No,07-Jan-25,"Ksh917,000.00","Ksh1,050,000.00","Ksh157,000.00","Ksh122,000.00",27-Jan-25,"Ksh2,965,500.",1042,3,3307000
Brian Ochieng,Corporate,,Eastern,Machakos,Athi River,Athi River,Daniel Kimani,Walk In,Toyota,HARRIER,Suv,2026,Diesel,Automatic,Silver,0.07,Cash,Paid,In Transit,4.6,5,Yes,11-Mar-25,,"Ksh4,225,000.00","Ksh118,000.00","Ksh130,000.00",,"Ksh7,976,499.",1043,2,7976500
Faith Achieng,Retail,36,Rift-Valley,Nakuru,Nakuru,Nakuru,Faith Achieng,Facebook,Mitsubishi,PAJERO,Suv,2021,Diesel,Automatic,Grey,0.02,Bank Transfer,Partially Paid,Delivered,4.4,38,Yes,15-Aug-25,"Ksh3,848,000.00","Ksh4,529,000.00","Ksh50,000.00","Ksh34,000.00",06-Sept-25,"Ksh8,926,840.",1045,2,8926840
Faith Mwangi,Non Profit,35,Coast,Mombasa,Mombasa,Mombasa,Mary Wanjiku,Corporate Tender,Mazda,DEMIO,Hatchback,2018,Diesel,Automatic,Silver,0.07,Bank Transfer,Paid,Delivered,,9,No,16-May-25,"Ksh1,112,000.00","Ksh1,252,000.00","Ksh141,000.00","Ksh131,000.00",07-Jun-25,"Ksh4,798,440.",1047,4,4798440
Peter Kimani,Ngo,53,Western,Kakamega,Kakamega,Kakamega,Daniel Kimani,Whatsapp,Mazda,DEMIO,Hatchback,2017,Diesel,Automatic,White,0.03,Asset Finance,Partially Paid,Delivered,5,32,No,03-Jan-25,"Ksh921,000.00","Ksh1,200,000.00","Ksh90,000.00","Ksh153,000.00",24-Jan-25,"Ksh3,582,000.",1060,3,3582000
Mary Mwangi,Car Dealer,33,Eastern,Machakos,Athi River,Athi River,Faith Achieng,Corporate Tender,Nissan,X-TRAIL,Suv,2022,Petrol,Automatic,White,,Bank Transfer,Paid,Delayed,3.5,24,No,,"Ksh3,117,000.00","Ksh185,362.37","Ksh32,000.00","Ksh62,000.00",25-Jun-26,"Ksh7,080,000.",1061,2,
Daniel Achieng,Car Dealer,56,Nyanza,Kisumu,Kisumu,Kisumu,Daniel Kimani,Corporate Tender,Honda,CR-V,Suv,2023,Petrol,Automatic,Pearl,0.12,Mpesa,Cancelled,Cancelled,4.8,34,No,15-Feb-26,"Ksh3,650,000.00","Ksh4,227,000.00","Ksh35,000.00","Ksh23,000.00",26-Feb-26,Ksh0.,1066,4,14914040
Winnie Mohamed,Car Dealer,28,Western,Kakamega,Kakamega,Kakamega,Kevin Mwangi,Facebook,Subaru,OUTBACK,Wagon,2019,Diesel,Automatic,Red,0.12,Asset Finance,Paid,Delayed,4.8,23,Yes,21-Feb-26,"Ksh3,286,800.60","Ksh4,059,000.00","Ksh33,000.00","Ksh83,000.00",06-Mar-26,"Ksh7,176,840.",1070,2,7176840
Aisha Mugambi,National Government,23,Rift-Valley,Uasin Gishu,Eldoret,Eldoret,Daniel Kimani,Instagram,Volkswagen,GOLF,Hatchback,2021,Petrol,Automatic,Blue,0.12,Bankers Cheque,Paid,Delivered,4.7,9,No,11-Jul-25,,"Ksh1,970,000.00","Ksh79,667.09","Ksh111,000.00",23-Jul-25,"Ksh7,014,400.",1071,4,7014067.095
Mercy Achieng,Individual,22,Nyanza,Kisumu,Kisumu,Kisumu,Daniel Kimani,Website,Toyota,HARRIER,Suv,2018,Petrol,Automatic,Grey,0.1,Asset Finance,Cancelled,Cancelled,1,29,No,04-Jul-25,"Ksh3,928,000.00","Ksh245,379.00","Ksh74,000.00","Ksh102,000.00",,"Ksh5,205,500.",1072,2,515682.2
Joy Kariuki,National Government,47,Central,Kiambu,Thika,Thika,Brian Otieno,Instagram,Mazda,CX-5,Suv,2025,Petrol,Automatic,White,0.12,Asset Finance,Partially Paid,Delivered,2.6,4,Yes,19-Oct-25,,"Ksh3,667,000.00","Ksh109,000.00","Ksh155,000.00",08-Nov-25,"Ksh6,562,920.",1074,2,6562920
Aisha Chebet,Car Dealer,63,Western,Kakamega,Kakamega,Kakamega,Mary Wanjiku,Facebook,Mitsubishi,PAJERO,Suv,2018,Hybrid,Automatic,Blue,0.05,Bankers Cheque,Paid,Delivered,3.9,35,No,10-Aug-25,"Ksh3,814,000.00","Ksh5,050,651.97","Ksh16,000.00","Ksh42,000.00",14-Aug-25,"Ksh9,137,900.",1075,2,9612238.75
James Otieno,Car Dealer,38,Central,Kiambu,Thika,Thika,Aisha Mohamed,Referral,Toyota,COROLLA,Unknown,,Petrol,Automatic,Unknown,0,Asset Finance,Paid,Cancelled,4.8,10,No,25-Nov-25,"Ksh1,447,000.00","Ksh1,778,000.00","Ksh22,000.00",,15-Dec-25,"Ksh5,360,000.",1078,3,5356000
Mary Otieno,Ngo,52,Central,Kiambu,Thika,Thika,Brian Otieno,Call,Mitsubishi,OUTLANDER,Suv,2021,Diesel,Automatic,White,0.15,Bank Transfer,Pending,Delivered,3.4,11,No,02-Apr-26,"Ksh3,031,000.00","Ksh3,336,000.00","Ksh156,000.00","Ksh209,000.00",04-Mar-26,"Ksh14,334,000.",1083,5,14334000
Winnie Wafula,Ngo,24,Western,Kakamega,Kakamega,Kakamega,Faith Achieng,Website,Toyota,PRADO,Suv,2015,Petrol,Automatic,Pearl,0.12,Asset Finance,Partially Paid,Delivered,,,No,23-Mar-26,"Ksh5,484,000.00","Ksh6,959,000.00","Ksh72,000.00","Ksh91,000.00",04-Sept-26,"Ksh12,319,840.",1086,2,12319840
Mary Achieng,Corporate,27,Rift-Valley,Nakuru,Nakuru,Nakuru,Grace Njeri,Call,Nissan,NOTE,Hatchback,2016,Petrol,Automatic,Blue,0.05,Bank Transfer,Paid,In Transit,2.5,41,Yes,31-Jan-26,"Ksh1,203,000.00","Ksh1,375,000.00",,"Ksh89,000.00",11-Feb-26,"Ksh6,595,250.",1087,5,
Kevin Ochieng,Car Dealer,45,Western,Kakamega,Kakamega,Kakamega,Grace Njeri,Corporate Tender,Isuzu,N-SERIES,Truck,2020,Diesel,Automatic,Pearl,0.07,Bankers Cheque,Cancelled,Cancelled,3.2,12,No,10-Jan-26,"Ksh4,188,000.00","Ksh5,144,000.00","Ksh97,000.00","Ksh113,000.00",04-Feb-26,Ksh0.,1090,3,14448760
Mercy Nyambura,Ngo,56,Central,Kiambu,Thika,Thika,Samuel Mutua,Call,Mazda,DEMIO,Hatchback,2016,Diesel,Automatic,Silver,0.1,Asset Finance,Pending,In Transit,4,18,Yes,,"Ksh1,090,000.00","Ksh1,346,000.00","Ksh37,000.00","Ksh48,000.00",20-May-26,"Ksh2,459,800.",1101,2,2459800
Carol Njeri,National Government,,Coast,Mombasa,Mombasa,Mombasa,Brian Otieno,Website,Toyota,LANDCRUISER,Suv,2015,Petrol,Automatic,White,0.03,Mpesa,Partially Paid,In Transit,3.4,21,No,21-Apr-26,"Ksh9,527,000.00","Ksh12,378,000.00","Ksh113,000.00","Ksh146,000.00",14-May-26,"Ksh24,126,320.",1102,2,24126320
Hassan Ochieng,Individual,46,Coast,Mombasa,Mombasa,Mombasa,Mary Wanjiku,Facebook,Mercedes-Benz,E-250,Sedan,2017,Diesel,Automatic,Silver,0.07,Bankers Cheque,Paid,Delivered,2.5,15,No,25-Mar-26,"Ksh5,233,000.00","Ksh5,964,282.49","Ksh51,000.00","Ksh90,000.00",,"Ksh16,749,149.",1107,3,16691348.16
Winnie Achieng,National Government,,Coast,Mombasa,Mombasa,Mombasa,Samuel Mutua,Instagram,Toyota,FIELDER,Wagon,2025,Petrol,Automatic,White,0.15,Mpesa,Paid,Cancelled,2.4,16,Yes,10-Jan-25,"Ksh1,295,000.00","Ksh1,636,000.00","Ksh90,000.00","Ksh138,000.00",,"Ksh4,261,800.",1108,3,4261800
Hassan Mwangi,National Government,23,Rift-Valley,Uasin Gishu,Eldoret,Eldoret,Kevin Mwangi,Website,Mazda,ATENZA,Sedan,2023,Petrol,Automatic,Blue,,Bank Transfer,Pending,In Transit,4.3,2,Yes,19-Oct-25,"Ksh2,330,000.00","Ksh2,565,000.00","Ksh170,000.00","Ksh191,000.00",15-Nov-25,"Ksh14,282,500.",1115,5,
James Mohamed,National Government,,Coast,Mombasa,Mombasa,Mombasa,Aisha Mohamed,Instagram,Nissan,X-TRAIL,Suv,2016,Petrol,Automatic,Grey,0,Mpesa,Partially Paid,Delayed,3.5,14,No,15-Oct-25,"Ksh2,414,000.00","Ksh3,019,000.00","Ksh40,000.00","Ksh63,000.00",14-Nov-25,"Ksh4,655,070.",1122,2,6078000
Null,National Government,33,Central,Kiambu,Thika,Thika,Faith Achieng,Website,Toyota,HARRIER,Suv,2016,Hybrid,Automatic,Pearl,0.15,Cash,Partially Paid,Cancelled,5,,Yes,23-Feb-25,"Ksh3,678,000.00","Ksh4,183,000.00","Ksh50,000.00","Ksh86,000.00",02-May-25,"Ksh10,716,650.",1128,3,10716650
Joseph Achieng,Car Dealer,47,Rift-Valley,Uasin Gishu,Eldoret,Eldoret,Mary Wanjiku,Call,Toyota,HIACE,Van,2019,Hybrid,Automatic,Black,0.12,Asset Finance,Cancelled,Cancelled,4.7,16,No,03-Apr-25,"Ksh4,418,000.00","Ksh5,366,000.00","Ksh123,000.00","Ksh168,000.00",12-Apr-25,"Ksh9,567,160.",1129,2,9567160
Victor Mwangi,National Government,25,Coast,Mombasa,Mombasa,Mombasa,Kevin Mwangi,Instagram,Honda,CR-V,Suv,2025,Petrol,Automatic,Red,0.02,Cash,Paid,Delayed,4.5,13,No,28-Feb-26,"Ksh3,034,000.00","Ksh3,850,000.00","Ksh125,000.00","Ksh142,000.00",10-Mar-26,"Ksh3,832,560.",1130,2,7671000
John Kariuki,Ngo,66,Rift-Valley,Nakuru,Nakuru,Nakuru,Aisha Mohamed,Whatsapp,Toyota,LANDCRUISER,Suv,2026,Hybrid,Automatic,Pearl,0.05,Asset Finance,Paid,Delivered,4.2,35,No,24-Apr-26,"Ksh5,806,000.00","Ksh6,468,000.00","Ksh20,000.00","Ksh47,000.00",05-Nov-26,"Ksh49,194,800.",1134,4,24598400
Grace Nyambura,National Government,44,Central,Kiambu,Thika,Thika,Mary Wanjiku,Call,Mazda,AXELA,Sedan,2021,Diesel,Automatic,Black,0.12,Asset Finance,Paid,Delivered,2.7,36,No,17-May-25,"Ksh1,329,000.00","Ksh1,621,000.00","Ksh138,000.00","Ksh122,000.00",,"Ksh4,417,440.",1135,3,4417440
Grace Maina,National Government,24,Western,Kakamega,Kakamega,Kakamega,Kevin Mwangi,Instagram,Honda,FIT,Hatchback,2020,Petrol,Automatic,Unknown,0.1,Bank Transfer,Paid,Delivered,2.2,,No,09-Aug-25,"Ksh1,126,000.00",,"Ksh116,000.00","Ksh180,000.00",05-Sept-25,"Ksh2,411,000.",1141,2,
Grace Achieng,Ngo,37,Rift-Valley,Uasin Gishu,Eldoret,Eldoret,Faith Achieng,Facebook,Toyota,LANDCRUISER,Suv,2021,Petrol,Automatic,Blue,0.05,Bankers Cheque,Paid,Delivered,2.1,41,No,06-Jun-26,"Ksh7,299,829.31","Ksh7,763,000.00","Ksh121,000.00","Ksh176,000.00",10-Jun-26,"Ksh14,870,700.",1143,2,14870700
Faith Mwangi,National Government,26,Rift-Valley,Uasin Gishu,Eldoret,Eldoret,Faith Achieng,Call,Mazda,AXELA,Sedan,2026,Hybrid,Automatic,Silver,0.07,Bankers Cheque,Cancelled,Cancelled,,12,No,03-Oct-26,"Ksh1,573,000.00","Ksh2,014,000.00","Ksh60,000.00","Ksh50,000.00",08-Mar-26,Ksh0.,1150,2,3806040
Victor Maina,Car Dealer,63,Central,Kiambu,Thika,Thika,Aisha Mohamed,Referral,Subaru,IMPREZA,Sedan,2024,Diesel,Automatic,Green,0.07,Asset Finance,Paid,Delivered,3.8,38,No,30-Apr-25,"Ksh1,653,000.00","Ksh2,023,000.00","Ksh20,000.00","Ksh29,000.00",13-May-25,"Ksh7,545,559.",1154,4,7545560
Joseph Maina,Individual,31,Rift-Valley,Uasin Gishu,Eldoret,Eldoret,Mary Wanjiku,Referral,Toyota,HARRIER,Suv,2023,Petrol,Automatic,Blue,0.1,Cash,Paid,In Transit,2.8,37,Yes,01-Aug-25,"Ksh3,198,000.00","Ksh4,117,000.00","Ksh69,000.00","Ksh67,000.00",29-Aug-25,"Ksh7,479,600.",1161,2,7479600
Naomi Mutua,Individual,62,Central,Kiambu,Thika,Thika,Faith Achieng,Whatsapp,Isuzu,N-SERIES,Truck,,Hybrid,Automatic,Black,0.05,Mpesa,Pending,In Transit,4.9,38,Unknown,07-Jun-25,"Ksh4,392,000.00","Ksh5,165,000.00","Ksh170,000.00","Ksh151,000.00",26-Jun-25,"Ksh5,076,750.",1166,3,14890250
Peter Ochieng,National Government,47,Coast,Mombasa,Mombasa,Mombasa,Samuel Mutua,Instagram,Subaru,FORESTER,Suv,2017,Diesel,Automatic,Silver,0.02,Cash,Partially Paid,Delivered,3.1,24,Unknown,27-May-26,"Ksh2,661,000.00","Ksh3,187,000.00","Ksh34,000.00","Ksh46,288.03",06-Jan-26,"Ksh9,403,780.",1172,3,9403780
Aisha Kariuki,Corporate,,Eastern,Machakos,Athi River,Athi River,Faith Achieng,Referral,Mitsubishi,CANTER,Truck,2026,Petrol,Automatic,White,0.02,Cash,Partially Paid,Delivered,3.3,37,No,,"Ksh3,277,000.00","Ksh3,956,000.00","Ksh168,000.00","Ksh185,000.00",10-Apr-26,"Ksh4,044,880.",1173,3,11798640
Joy Chebet,Company,22,Nyanza,Kisumu,Kisumu,Kisumu,Brian Otieno,Referral,Honda,FIT,Hatchback,2018,Petrol,Automatic,Red,,Mpesa,Partially Paid,Delivered,3.5,8,Yes,,"Ksh1,105,000.00","Ksh1,275,000.00","Ksh42,000.00","Ksh58,000.00",17-May-26,"Ksh5,779,500.",1174,5,
Carol Achieng,National Government,66,Rift-Valley,Uasin Gishu,Eldoret,Eldoret,Mary Wanjiku,Instagram,Volkswagen,TIGUAN,Suv,2017,Petrol,Automatic,Silver,0.15,Cash,Paid,Delivered,4.7,9,No,18-Nov-25,"Ksh4,070,000.00","Ksh4,817,267.52","Ksh46,000.00","Ksh52,000.00",,"Ksh20,590,500.",1179,4,16424709.57
Victor Ochieng,Car Dealer,,Western,Kakamega,Kakamega,Kakamega,Faith Achieng,Website,Honda,VEZEL,Crossover,2021,Diesel,Automatic,White,,Asset Finance,Paid,Delivered,3.8,11,No,07-Oct-25,"Ksh2,265,000.00","Ksh2,635,000.00","Ksh74,000.00","Ksh111,000.00",13-Oct-25,"Ksh9,033,000.",1186,4,
Kevin Nyambura,National Government,68,Rift-Valley,Uasin Gishu,Eldoret,Eldoret,Aisha Mohamed,Whatsapp,Toyota,PRADO,Suv,2019,Hybrid,Automatic,Blue,0.05,Bank Transfer,Partially Paid,Yard,2.1,,No,13-Jan-26,"Ksh5,640,000.00",,"Ksh42,000.00","Ksh72,000.00",11-Feb-26,"Ksh18,532,800.",1194,3,
James Mutua,Car Dealer,37,Western,Kakamega,Kakamega,Kakamega,Mercy Atieno,Referral,Mazda,CX-5,Suv,2018,Petrol,Automatic,Black,0.2,Bank Transfer,Partially Paid,Cancelled,2.7,6,No,05-Jan-25,"Ksh3,251,000.00","Ksh3,866,000.00","Ksh41,000.00","Ksh60,000.00",,"Ksh24,780,000.",1196,8,24783400
Joy Mugambi,Company,,Rift-Valley,Nakuru,Nakuru,Nakuru,Samuel Mutua,Referral,Nissan,JUKE,Crossover,2021,Petrol,Automatic,Silver,0.1,Mpesa,Refunded,At The Yard,2.5,15,No,17-Nov-25,"Ksh1,692,000.00","Ksh1,950,000.00","Ksh145,000.00","Ksh222,000.00",21-Nov-25,,1197,7,12430000
N/A,Individual,29,Western,Kakamega,Kakamega,Kakamega,Daniel Kimani,Referral,Mazda,CX-5,Suv,2019,Petrol,Automatic,Blue,0,Bank Transfer,Pending,At The Yard,4.6,33,No,28-Apr-25,"Ksh2,814,000.00","Ksh3,538,707.48",,"Ksh101,000.00",,"Ksh11,476,200.",1198,4,
Daniel Kariuki,Car Dealer,46,Western,Kakamega,Kakamega,Kakamega,Mercy Atieno,Corporate Tender,Toyota,FIELDER,Wagon,2017,Petrol,Automatic,Pearl,,Bankers Cheque,Paid,Delivered,3.1,0,No,16-Nov-25,"Ksh1,429,000.00","Ksh1,738,000.00","Ksh180,000.00","Ksh252,000.00",28-Nov-25,"Ksh6,644,360.",1200,4,
Brian Ochieng,Retail,58,Nairobi,Nairobi,Nairobi,Nairobi - Main,Faith Achieng,Corporate Tender,Honda,VEZEL,Crossover,2021,Diesel,Automatic,Black,,Mpesa,Cancelled,Cancelled,2.7,39,No,21-Mar-26,"Ksh2,087,000.00","Ksh2,430,000.00","Ksh106,000.00","Ksh75,000.00",09-Apr-26,"Ksh4,382,800.",1203,2,
Aisha Mohamed,Corporate,27,Nairobi,Nairobi,Nairobi,Nairobi - Main,Aisha Mohamed,Corporate Tender,Toyota,HILUX,Pickup,2020,Diesel,Automatic,Pearl,0.12,Cash,Paid,In Transit,5,13,No,16-Feb-26,"Ksh4,841,000.00","Ksh5,527,000.00","Ksh138,000.00","Ksh159,000.00",17-Mar-26,"Ksh16,202,208.",1204,3,14729280
Mary Mutua,National Government,27,Nyanza,Kisumu,Kisumu,Kisumu,Brian Otieno,Corporate Tender,Isuzu,DMAX,Pickup,2023,Petrol,Automatic,Pearl,0.05,Bankers Cheque,Paid,Delivered,3.6,45,Yes,17-Jan-26,"Ksh3,590,000.00","Ksh4,625,000.00","Ksh134,000.00","Ksh182,000.00",08-Feb-26,"Ksh17,709,000.",1208,4,17709000
James Chebet,Car Dealer,46,Western,Kakamega,Kakamega,Kakamega,Faith Achieng,Instagram,Nissan,NAVARA,Pickup,2017,Diesel,Automatic,Grey,,Mpesa,Paid,Delivered,4.5,8,Unknown,08-Jul-25,"Ksh3,868,000.00","Ksh4,724,000.00","Ksh39,000.00","Ksh50,000.00",03-Jul-25,"Ksh13,927,560.",1211,3,
Brian Nyambura,Individual,67,Eastern,Machakos,Athi River,Athi River,Grace Njeri,Whatsapp,Toyota,PRADO,Suv,2019,Petrol,Automatic,Black,0.05,Cash,Paid,Delivered,2.3,19,No,26-Jul-25,"Ksh5,906,000.00","Ksh6,918,000.00",,"Ksh210,000.00",,"Ksh6,749,100.",1212,3,
John Mohamed,Car Dealer,68,Central,Kiambu,Thika,Thika,Mary Wanjiku,Website,Nissan,NOTE,Hatchback,2022,Petrol,Automatic,Green,0.12,Bank Transfer,Paid,Delivered,3.2,41,No,08-Feb-26,"Ksh1,170,000.00","Ksh1,349,000.00","Ksh55,000.00","Ksh102,000.00",06-Mar-26,"Ksh1,214,620.",1213,2,2429240
Mercy Wanjiku,Car Dealer,61,Eastern,Machakos,Athi River,Athi River,Grace Njeri,Instagram,Mazda,DEMIO,Hatchback,2016,Petrol,Automatic,Blue,0.05,Loan,Paid,Delivered,4.7,25,No,17-Nov-25,"Ksh1,088,000.00","Ksh1,312,000.00",,"Ksh153,000.00",13-Dec-25,"Ksh1,379,400.",1214,3,
Naomi Maina,National Government,33,Central,Kiambu,Thika,Thika,Peter Kiptoo,Facebook,Toyota,FIELDER,Wagon,2018,Petrol,Automatic,Green,0.07,Cash,Paid,In Transit,2.1,19,No,12-Dec-25,"Ksh1,605,000.00","Ksh1,952,000.00","Ksh82,000.00","Ksh104,000.00",26-Dec-25,"Ksh5,528,080.",1215,3,5528080
Victor Muthoni,Car Dealer,35,Eastern,Machakos,Athi River,Athi River,Peter Kiptoo,Call,Toyota,HILUX,Pickup,,Petrol,Automatic,Silver,0.02,Bank Transfer,Paid,Delivered,3.1,22,No,21-May-25,"Ksh4,957,000.00","Ksh5,601,000.00","Ksh116,000.00","Ksh177,000.00",09-May-25,"Ksh22,070,000.",1220,4,22071920
Faith Kiptoo,Corporate,43,Central,Kiambu,Thika,Thika,Kevin Mwangi,Call,Honda,FIT,Hatchback,2020,Petrol,Automatic,Grey,0.12,Mpesa,Paid,In Transit,4.3,14,Yes,24-Nov-25,"Ksh1,347,000.00","Ksh1,592,000.00","Ksh111,000.00","Ksh124,000.00",12-Dec-25,"Ksh1,480,999.",1229,5,7115800
Winnie Maina,Car Dealer,47,Rift-Valley,Nakuru,Nakuru,Nakuru,Grace Njeri,Website,Mazda,CX-5,Suv,2025,Diesel,Automatic,Silver,0.05,Mpesa,Paid,Delivered,3.1,6,Yes,30-Oct-25,"Ksh2,750,000.00","Ksh3,473,000.00","Ksh25,000.00","Ksh42,000.00",04-Nov-25,"Ksh13,222,400.",1234,4,13222400
Grace Njeri,Ngo,46,Nyanza,Kisumu,Kisumu,Kisumu,Aisha Mohamed,Website,Mazda,ATENZA,Sedan,,Petrol,Automatic,Silver,0.03,Loan,Refunded,Delayed,3.2,1,Yes,30-May-26,"Ksh2,102,000.00","Ksh2,597,000.00","Ksh142,000.00","Ksh165,000.00",16-Jun-26,Ksh0.,1241,2,5180180
Kevin Wafula,Corporate,28,Rift-Valley,Nakuru,Nakuru,Nakuru,Grace Njeri,Facebook,Mercedes-Benz,C200,Sedan,2017,Diesel,Automatic,Blue,0.03,Bankers Cheque,Pending,Delivered,2.6,43,Yes,06-Apr-26,"Ksh4,983,000.00","Ksh5,660,000.00","Ksh79,000.00","Ksh104,000.00",04-Apr-26,"Ksh38,510,400.",1243,7,38510400
Daniel Maina,Car Dealer,52,Eastern,Machakos,Athi River,Athi River,Daniel Kimani,Instagram,Toyota,PRADO,Suv,2026,Petrol,Automatic,Grey,,Cash,Paid,Delivered,4.5,6,No,09-Jan-25,"Ksh5,362,000.00","Ksh6,996,000.00",Ksh0.00,"Ksh48,000.00",30-Jan-25,"Ksh18,931,200.",1248,3,
Mercy Muthoni,Car Dealer,,Nyanza,Kisumu,Kisumu,Kisumu,Peter Kiptoo,Instagram,Toyota,HARRIER,Suv,2022,Petrol,Automatic,Blue,0,Mpesa,Pending,Delivered,2.7,3,Yes,02-May-25,"Ksh4,109,000.00","Ksh5,102,000.00","Ksh104,000.00","Ksh119,000.00",07-May-25,"Ksh35,818,000.",1260,7,35818000
Brian Kariuki,Corporate,,Rift-Valley,Nakuru,Nakuru,Nakuru,Aisha Mohamed,Referral,Mercedes-Benz,E-250,Sedan,2016,Petrol,Automatic,White,,Cash,Paid,Delivered,3.3,21,No,,"Ksh4,722,000.00","Ksh6,140,000.00","Ksh109,000.00","Ksh123,000.00",22-Apr-26,"Ksh6,249,000.",1270,3,
Faith Njeri,Non Profit,,Rift-Valley,Uasin Gishu,Eldoret,Eldoret,Samuel Mutua,Facebook,Honda,VEZEL,Crossover,2017,Diesel,Automatic,Green,,Bankers Cheque,Partially Paid,Delivered,4.9,8,No,29-Apr-25,"Ksh2,683,000.00","Ksh3,017,000.00","Ksh30,000.00","Ksh57,000.00",30-Apr-25,,1271,2,
Kevin Mohamed,Ngo,29,Nyanza,Kisumu,Kisumu,Kisumu,Mercy Atieno,Referral,Mazda,CX-5,Suv,2025,Petrol,Automatic,Grey,0.03,Bank Transfer,Paid,Delayed,4,21,No,04-Jun-26,"Ksh3,088,000.00","Ksh3,673,000.00","Ksh104,563.55","Ksh110,000.00",05-Jun-26,"Ksh3,667,810.",1272,3,10792993.55
Mercy Kariuki,Corporate,44,Rift-Valley,Uasin Gishu,Eldoret,Eldoret,Kevin Mwangi,Instagram,Toyota,PRADO,Suv,2026,Petrol,Automatic,Blue,0.07,Bankers Cheque,Pending,Delivered,2.4,41,Yes,27-May-26,"Ksh6,126,000.00","Ksh7,948,000.00","Ksh75,086.80",,23-Jun-26,"Ksh14,870,000.",1275,2,14858366.8
Brian Mwangi,Individual,59,Central,Kiambu,Thika,Thika,Mercy Atieno,Instagram,Toyota,HIACE,Van,2016,Diesel,Automatic,Grey,,Mpesa,Refunded,Delayed,4.7,24,Yes,19-Jun-26,"Ksh4,489,000.00","Ksh5,320,000.00","Ksh164,000.00",,11-Jul-26,Ksh0.,1276,3,
